generation,count,avg_fitness,max_fitness,max_fitness_id,avg_fitness_herbivore,avg_fitness_carnivore,avg_fitness_omnivore
0,20,36.54125,57.95,herbivore_9,36.49583333333334,36.45,36.76875
0,20,36.59125,58.95,herbivore_9,36.579166666666666,36.45,36.76875
0,20,36.64125,59.95,herbivore_9,36.6625,36.45,36.76875
0,20,36.691250000000004,60.95,herbivore_9,36.74583333333334,36.45,36.76875
0,20,36.74125,61.95,herbivore_9,36.829166666666666,36.45,36.76875
0,20,36.79125,62.95,herbivore_9,36.9125,36.45,36.76875
0,20,36.84125,63.95,herbivore_9,36.99583333333334,36.45,36.76875
0,20,36.89125,64.95,herbivore_9,37.079166666666666,36.45,36.76875
0,20,36.941250000000004,65.95,herbivore_9,37.1625,36.45,36.76875
0,20,36.99125,66.95,herbivore_9,37.24583333333334,36.45,36.76875
0,20,37.04125,67.95,herbivore_9,37.329166666666666,36.45,36.76875
0,20,37.09125,68.95,herbivore_9,37.4125,36.45,36.76875
0,12,11.7,13.2,herbivore_2,12.028571428571428,11.1,11.333333333333334
1,12,13.633333333333333,59.2,child_8,14.01818181818182,0.0,9.4
0,12,35.13333333333333,40.6,herbivore_6,35.08571428571429,36.7,34.2
0,12,35.516666666666666,40.4,herbivore_2,36.4,34.5,34.13333333333333
1,12,35.833333333333336,40.6,child_4,35.833333333333336,0.0,0.0
2,12,52.075,221.5,child_9,52.075,0.0,0.0
0,10,19.12,21.0,herbivore_0,19.4,18.1,19.299999999999997
1,10,16.14,18.0,elite_0_herbivore_0,16.14,0.0,0.0
0,10,18.89,29.5,herbivore_1,19.616666666666667,18.4,17.2
1,10,19.68,22.8,child_1,19.8,19.2,0.0
0,10,18.1,20.4,herbivore_3,17.96666666666667,18.9,17.7
1,10,22.22,24.0,elite_0_herbivore_3,22.625,20.6,0.0
0,10,14.44,16.8,herbivore_2,14.466666666666667,14.1,14.7
1,10,15.48,16.8,child_4,15.966666666666667,0.0,14.75
0,10,18.66,21.6,herbivore_4,18.933333333333334,18.1,18.4
1,10,21.22,22.8,elite_0_herbivore_4,21.675,19.4,0.0
0,12,7.6625,10.75,herbivore_3,8.07857142857143,7.0,7.133333333333334
1,12,13.1625,58.0,child_11,13.1625,0.0,0.0
0,24,8.53125,12.95,herbivore_5,8.753571428571428,8.25,8.2
0,24,6.333333333333333,7.2,herbivore_5,6.242857142857143,6.15,6.666666666666667
1,24,7.866666666666667,8.4,child_2,7.716666666666667,8.4,7.9818181818181815
2,24,9.58125,50.75,child_11,7.85,8.266666666666667,10.220588235294118
3,24,11.880208333333334,47.1,child_17,10.4,10.25,12.6578125
4,24,8.659375,26.55,child_14,8.0,7.2,8.83125
5,24,13.1,59.2,child_19,0.0,0.0,13.1
6,24,13.39375,66.45,child_6,0.0,0.0,13.39375
7,24,9.825,10.8,elite_1_elite_1_elite_0_child_14,0.0,0.0,9.825
0,24,10.65625,51.95,herbivore_12,11.95357142857143,8.7,8.933333333333334
1,24,9.9375,57.2,child_19,8.126666666666667,57.2,7.425
2,24,11.477083333333333,21.25,child_21,11.695454545454545,11.1,11.457142857142857
3,24,7.858333333333333,8.4,elite_1_child_4,7.975,7.7,7.833333333333334
4,24,9.4,9.6,child_3,9.466666666666667,9.399999999999999,9.353846153846153
5,24,8.925,14.2,elite_1_child_4,8.52,10.15,8.84
6,24,11.379166666666666,17.5,child_3,11.516666666666666,11.542857142857143,11.2
7,24,8.828125,14.5,child_11,9.34,8.355555555555556,8.9975
0,24,13.952083333333334,59.8,carnivore_3,9.946428571428571,22.35,17.7
1,24,8.702083333333334,43.5,elite_1_omnivore_5,8.641666666666667,6.58,11.4
2,24,11.739583333333334,14.75,child_17,12.04375,11.24,11.745454545454546
3,24,8.373958333333333,18.25,elite_0_child_17,9.61,8.0,7.451923076923077
4,24,11.645833333333334,27.95,elite_1_child_17,12.58125,9.8,9.766666666666667
5,24,8.214583333333334,14.5,child_3,8.254761904761905,7.6,8.1
6,24,9.739583333333334,33.2,child_16,9.79782608695652,0.0,8.4
7,24,11.1125,51.75,child_20,11.247826086956522,0.0,8.0
0,10,15.9,18.0,herbivore_3,15.8,15.4,16.7
1,10,21.9,24.0,child_6,22.08888888888889,0.0,20.2
