generation,animal_id,category,fitness,time,resource,kill,distance,event,health,hunger,thirst,energy,STR,AGI,INT,END,PER
0,herbivore_9,Herbivore,57.95,39.0,150.0,0.0,1.0,0.0,100,31,22.0,100,6,9,5,5,5
0,herbivore_0,Herbivore,34.0,34.0,0.0,0.0,0.0,0.0,100.0,0,32.0,100.0,6,9,5,5,5
0,herbivore_1,Herbivore,34.0,34.0,0.0,0.0,0.0,0.0,136.0,0,32.0,106.0,6,9,5,5,5
0,herbivore_2,Herbivore,34.0,34.0,0.0,0.0,0.0,0.0,100.0,0,32.0,100.0,6,9,5,5,5
0,herbivore_3,Herbivore,34.0,34.0,0.0,0.0,0.0,0.0,100.0,0,32.0,100.0,6,9,5,5,5
0,herbivore_4,Herbivore,34.0,34.0,0.0,0.0,0.0,0.0,100.0,0,32.0,100.0,6,9,5,5,5
0,herbivore_5,Herbivore,34.2,34.0,0.0,0.0,1.0,0.0,100.0,0,32.0,100.0,6,9,5,5,5
0,herbivore_6,Herbivore,34.0,34.0,0.0,0.0,0.0,0.0,138.0,0,32.0,105.0,6,9,5,5,5
0,herbivore_7,Herbivore,34.8,34.0,0.0,0.0,4.0,0.0,144.0,0,32.0,100,6,9,5,5,5
0,herbivore_8,Herbivore,34.0,34.0,0.0,0.0,0.0,0.0,136.0,0,32.0,112.0,6,9,5,5,5
0,herbivore_10,Herbivore,34.0,34.0,0.0,0.0,0.0,0.0,143.0,0,32.0,113.0,6,9,5,5,5
0,herbivore_11,Herbivore,39.0,34.0,0.0,0.0,25.0,0.0,146.0,0,32.0,53.0,6,9,5,5,5
0,carnivore_0,Carnivore,34.2,34.0,0.0,0.0,1.0,0.0,145.0,0,32.0,113.0,9,6,5,5,5
0,carnivore_1,Carnivore,39.4,34.0,0.0,0.0,27.0,0.0,150.0,0,32.0,34.0,9,6,5,5,5
0,carnivore_2,Carnivore,36.2,34.0,0.0,0.0,11.0,0.0,144.0,0,32.0,100,9,6,5,5,5
0,carnivore_3,Carnivore,36.0,34.0,0.0,0.0,10.0,0.0,150.0,0,32.0,100,9,6,5,5,5
0,omnivore_0,Omnivore,36.0,34.0,0.0,0.0,10.0,0.0,190.0,0,32.0,100,6,5,5,9,5
0,omnivore_1,Omnivore,36.2,34.0,0.0,0.0,11.0,0.0,190.0,0,32.0,100,6,5,5,9,5
0,omnivore_3,Omnivore,34.0,34.0,0.0,0.0,0.0,0.0,190.0,0,32.0,145.0,6,5,5,9,5
0,omnivore_2,Omnivore,40.875,39.0,15.0,0.0,0.0,0.0,100,0,22.0,100,6,5,5,9,5
0,herbivore_9,Herbivore,58.95,40.0,150.0,0.0,1.0,0.0,100,28,20.0,100,6,9,5,5,5
0,herbivore_0,Herbivore,34.0,34.0,0.0,0.0,0.0,0.0,100.0,0,32.0,100.0,6,9,5,5,5
0,herbivore_1,Herbivore,34.0,34.0,0.0,0.0,0.0,0.0,136.0,0,32.0,106.0,6,9,5,5,5
0,herbivore_2,Herbivore,34.0,34.0,0.0,0.0,0.0,0.0,100.0,0,32.0,100.0,6,9,5,5,5
0,herbivore_3,Herbivore,34.0,34.0,0.0,0.0,0.0,0.0,100.0,0,32.0,100.0,6,9,5,5,5
0,herbivore_4,Herbivore,34.0,34.0,0.0,0.0,0.0,0.0,100.0,0,32.0,100.0,6,9,5,5,5
0,herbivore_5,Herbivore,34.2,34.0,0.0,0.0,1.0,0.0,100.0,0,32.0,100.0,6,9,5,5,5
0,herbivore_6,Herbivore,34.0,34.0,0.0,0.0,0.0,0.0,138.0,0,32.0,105.0,6,9,5,5,5
0,herbivore_7,Herbivore,34.8,34.0,0.0,0.0,4.0,0.0,144.0,0,32.0,100,6,9,5,5,5
0,herbivore_8,Herbivore,34.0,34.0,0.0,0.0,0.0,0.0,136.0,0,32.0,112.0,6,9,5,5,5
0,herbivore_10,Herbivore,34.0,34.0,0.0,0.0,0.0,0.0,143.0,0,32.0,113.0,6,9,5,5,5
0,herbivore_11,Herbivore,39.0,34.0,0.0,0.0,25.0,0.0,146.0,0,32.0,53.0,6,9,5,5,5
0,carnivore_0,Carnivore,34.2,34.0,0.0,0.0,1.0,0.0,145.0,0,32.0,113.0,9,6,5,5,5
0,carnivore_1,Carnivore,39.4,34.0,0.0,0.0,27.0,0.0,150.0,0,32.0,34.0,9,6,5,5,5
0,carnivore_2,Carnivore,36.2,34.0,0.0,0.0,11.0,0.0,144.0,0,32.0,100,9,6,5,5,5
0,carnivore_3,Carnivore,36.0,34.0,0.0,0.0,10.0,0.0,150.0,0,32.0,100,9,6,5,5,5
0,omnivore_0,Omnivore,36.0,34.0,0.0,0.0,10.0,0.0,190.0,0,32.0,100,6,5,5,9,5
0,omnivore_1,Omnivore,36.2,34.0,0.0,0.0,11.0,0.0,190.0,0,32.0,100,6,5,5,9,5
0,omnivore_3,Omnivore,34.0,34.0,0.0,0.0,0.0,0.0,190.0,0,32.0,145.0,6,5,5,9,5
0,omnivore_2,Omnivore,40.875,39.0,15.0,0.0,0.0,0.0,100,0,22.0,100,6,5,5,9,5
0,herbivore_9,Herbivore,59.95,41.0,150.0,0.0,1.0,0.0,100,25,18.0,100,6,9,5,5,5
0,herbivore_0,Herbivore,34.0,34.0,0.0,0.0,0.0,0.0,100.0,0,32.0,100.0,6,9,5,5,5
0,herbivore_1,Herbivore,34.0,34.0,0.0,0.0,0.0,0.0,136.0,0,32.0,106.0,6,9,5,5,5
0,herbivore_2,Herbivore,34.0,34.0,0.0,0.0,0.0,0.0,100.0,0,32.0,100.0,6,9,5,5,5
0,herbivore_3,Herbivore,34.0,34.0,0.0,0.0,0.0,0.0,100.0,0,32.0,100.0,6,9,5,5,5
0,herbivore_4,Herbivore,34.0,34.0,0.0,0.0,0.0,0.0,100.0,0,32.0,100.0,6,9,5,5,5
0,herbivore_5,Herbivore,34.2,34.0,0.0,0.0,1.0,0.0,100.0,0,32.0,100.0,6,9,5,5,5
0,herbivore_6,Herbivore,34.0,34.0,0.0,0.0,0.0,0.0,138.0,0,32.0,105.0,6,9,5,5,5
0,herbivore_7,Herbivore,34.8,34.0,0.0,0.0,4.0,0.0,144.0,0,32.0,100,6,9,5,5,5
0,herbivore_8,Herbivore,34.0,34.0,0.0,0.0,0.0,0.0,136.0,0,32.0,112.0,6,9,5,5,5
0,herbivore_10,Herbivore,34.0,34.0,0.0,0.0,0.0,0.0,143.0,0,32.0,113.0,6,9,5,5,5
0,herbivore_11,Herbivore,39.0,34.0,0.0,0.0,25.0,0.0,146.0,0,32.0,53.0,6,9,5,5,5
0,carnivore_0,Carnivore,34.2,34.0,0.0,0.0,1.0,0.0,145.0,0,32.0,113.0,9,6,5,5,5
0,carnivore_1,Carnivore,39.4,34.0,0.0,0.0,27.0,0.0,150.0,0,32.0,34.0,9,6,5,5,5
0,carnivore_2,Carnivore,36.2,34.0,0.0,0.0,11.0,0.0,144.0,0,32.0,100,9,6,5,5,5
0,carnivore_3,Carnivore,36.0,34.0,0.0,0.0,10.0,0.0,150.0,0,32.0,100,9,6,5,5,5
0,omnivore_0,Omnivore,36.0,34.0,0.0,0.0,10.0,0.0,190.0,0,32.0,100,6,5,5,9,5
0,omnivore_1,Omnivore,36.2,34.0,0.0,0.0,11.0,0.0,190.0,0,32.0,100,6,5,5,9,5
0,omnivore_3,Omnivore,34.0,34.0,0.0,0.0,0.0,0.0,190.0,0,32.0,145.0,6,5,5,9,5
0,omnivore_2,Omnivore,40.875,39.0,15.0,0.0,0.0,0.0,100,0,22.0,100,6,5,5,9,5
0,herbivore_9,Herbivore,60.95,42.0,150.0,0.0,1.0,0.0,100,22,16.0,100,6,9,5,5,5
0,herbivore_0,Herbivore,34.0,34.0,0.0,0.0,0.0,0.0,100.0,0,32.0,100.0,6,9,5,5,5
0,herbivore_1,Herbivore,34.0,34.0,0.0,0.0,0.0,0.0,136.0,0,32.0,106.0,6,9,5,5,5
0,herbivore_2,Herbivore,34.0,34.0,0.0,0.0,0.0,0.0,100.0,0,32.0,100.0,6,9,5,5,5
0,herbivore_3,Herbivore,34.0,34.0,0.0,0.0,0.0,0.0,100.0,0,32.0,100.0,6,9,5,5,5
0,herbivore_4,Herbivore,34.0,34.0,0.0,0.0,0.0,0.0,100.0,0,32.0,100.0,6,9,5,5,5
0,herbivore_5,Herbivore,34.2,34.0,0.0,0.0,1.0,0.0,100.0,0,32.0,100.0,6,9,5,5,5
0,herbivore_6,Herbivore,34.0,34.0,0.0,0.0,0.0,0.0,138.0,0,32.0,105.0,6,9,5,5,5
0,herbivore_7,Herbivore,34.8,34.0,0.0,0.0,4.0,0.0,144.0,0,32.0,100,6,9,5,5,5
0,herbivore_8,Herbivore,34.0,34.0,0.0,0.0,0.0,0.0,136.0,0,32.0,112.0,6,9,5,5,5
0,herbivore_10,Herbivore,34.0,34.0,0.0,0.0,0.0,0.0,143.0,0,32.0,113.0,6,9,5,5,5
0,herbivore_11,Herbivore,39.0,34.0,0.0,0.0,25.0,0.0,146.0,0,32.0,53.0,6,9,5,5,5
0,carnivore_0,Carnivore,34.2,34.0,0.0,0.0,1.0,0.0,145.0,0,32.0,113.0,9,6,5,5,5
0,carnivore_1,Carnivore,39.4,34.0,0.0,0.0,27.0,0.0,150.0,0,32.0,34.0,9,6,5,5,5
0,carnivore_2,Carnivore,36.2,34.0,0.0,0.0,11.0,0.0,144.0,0,32.0,100,9,6,5,5,5
0,carnivore_3,Carnivore,36.0,34.0,0.0,0.0,10.0,0.0,150.0,0,32.0,100,9,6,5,5,5
0,omnivore_0,Omnivore,36.0,34.0,0.0,0.0,10.0,0.0,190.0,0,32.0,100,6,5,5,9,5
0,omnivore_1,Omnivore,36.2,34.0,0.0,0.0,11.0,0.0,190.0,0,32.0,100,6,5,5,9,5
0,omnivore_3,Omnivore,34.0,34.0,0.0,0.0,0.0,0.0,190.0,0,32.0,145.0,6,5,5,9,5
0,omnivore_2,Omnivore,40.875,39.0,15.0,0.0,0.0,0.0,100,0,22.0,100,6,5,5,9,5
0,herbivore_9,Herbivore,61.95,43.0,150.0,0.0,1.0,0.0,100,19,14.0,100,6,9,5,5,5
0,herbivore_0,Herbivore,34.0,34.0,0.0,0.0,0.0,0.0,100.0,0,32.0,100.0,6,9,5,5,5
0,herbivore_1,Herbivore,34.0,34.0,0.0,0.0,0.0,0.0,136.0,0,32.0,106.0,6,9,5,5,5
0,herbivore_2,Herbivore,34.0,34.0,0.0,0.0,0.0,0.0,100.0,0,32.0,100.0,6,9,5,5,5
0,herbivore_3,Herbivore,34.0,34.0,0.0,0.0,0.0,0.0,100.0,0,32.0,100.0,6,9,5,5,5
0,herbivore_4,Herbivore,34.0,34.0,0.0,0.0,0.0,0.0,100.0,0,32.0,100.0,6,9,5,5,5
0,herbivore_5,Herbivore,34.2,34.0,0.0,0.0,1.0,0.0,100.0,0,32.0,100.0,6,9,5,5,5
0,herbivore_6,Herbivore,34.0,34.0,0.0,0.0,0.0,0.0,138.0,0,32.0,105.0,6,9,5,5,5
0,herbivore_7,Herbivore,34.8,34.0,0.0,0.0,4.0,0.0,144.0,0,32.0,100,6,9,5,5,5
0,herbivore_8,Herbivore,34.0,34.0,0.0,0.0,0.0,0.0,136.0,0,32.0,112.0,6,9,5,5,5
0,herbivore_10,Herbivore,34.0,34.0,0.0,0.0,0.0,0.0,143.0,0,32.0,113.0,6,9,5,5,5
0,herbivore_11,Herbivore,39.0,34.0,0.0,0.0,25.0,0.0,146.0,0,32.0,53.0,6,9,5,5,5
0,carnivore_0,Carnivore,34.2,34.0,0.0,0.0,1.0,0.0,145.0,0,32.0,113.0,9,6,5,5,5
0,carnivore_1,Carnivore,39.4,34.0,0.0,0.0,27.0,0.0,150.0,0,32.0,34.0,9,6,5,5,5
0,carnivore_2,Carnivore,36.2,34.0,0.0,0.0,11.0,0.0,144.0,0,32.0,100,9,6,5,5,5
0,carnivore_3,Carnivore,36.0,34.0,0.0,0.0,10.0,0.0,150.0,0,32.0,100,9,6,5,5,5
0,omnivore_0,Omnivore,36.0,34.0,0.0,0.0,10.0,0.0,190.0,0,32.0,100,6,5,5,9,5
0,omnivore_1,Omnivore,36.2,34.0,0.0,0.0,11.0,0.0,190.0,0,32.0,100,6,5,5,9,5
0,omnivore_3,Omnivore,34.0,34.0,0.0,0.0,0.0,0.0,190.0,0,32.0,145.0,6,5,5,9,5
0,omnivore_2,Omnivore,40.875,39.0,15.0,0.0,0.0,0.0,100,0,22.0,100,6,5,5,9,5
0,herbivore_9,Herbivore,62.95,44.0,150.0,0.0,1.0,0.0,100,16,12.0,100,6,9,5,5,5
0,herbivore_0,Herbivore,34.0,34.0,0.0,0.0,0.0,0.0,100.0,0,32.0,100.0,6,9,5,5,5
0,herbivore_1,Herbivore,34.0,34.0,0.0,0.0,0.0,0.0,136.0,0,32.0,106.0,6,9,5,5,5
0,herbivore_2,Herbivore,34.0,34.0,0.0,0.0,0.0,0.0,100.0,0,32.0,100.0,6,9,5,5,5
0,herbivore_3,Herbivore,34.0,34.0,0.0,0.0,0.0,0.0,100.0,0,32.0,100.0,6,9,5,5,5
0,herbivore_4,Herbivore,34.0,34.0,0.0,0.0,0.0,0.0,100.0,0,32.0,100.0,6,9,5,5,5
0,herbivore_5,Herbivore,34.2,34.0,0.0,0.0,1.0,0.0,100.0,0,32.0,100.0,6,9,5,5,5
0,herbivore_6,Herbivore,34.0,34.0,0.0,0.0,0.0,0.0,138.0,0,32.0,105.0,6,9,5,5,5
0,herbivore_7,Herbivore,34.8,34.0,0.0,0.0,4.0,0.0,144.0,0,32.0,100,6,9,5,5,5
0,herbivore_8,Herbivore,34.0,34.0,0.0,0.0,0.0,0.0,136.0,0,32.0,112.0,6,9,5,5,5
0,herbivore_10,Herbivore,34.0,34.0,0.0,0.0,0.0,0.0,143.0,0,32.0,113.0,6,9,5,5,5
0,herbivore_11,Herbivore,39.0,34.0,0.0,0.0,25.0,0.0,146.0,0,32.0,53.0,6,9,5,5,5
0,carnivore_0,Carnivore,34.2,34.0,0.0,0.0,1.0,0.0,145.0,0,32.0,113.0,9,6,5,5,5
0,carnivore_1,Carnivore,39.4,34.0,0.0,0.0,27.0,0.0,150.0,0,32.0,34.0,9,6,5,5,5
0,carnivore_2,Carnivore,36.2,34.0,0.0,0.0,11.0,0.0,144.0,0,32.0,100,9,6,5,5,5
0,carnivore_3,Carnivore,36.0,34.0,0.0,0.0,10.0,0.0,150.0,0,32.0,100,9,6,5,5,5
0,omnivore_0,Omnivore,36.0,34.0,0.0,0.0,10.0,0.0,190.0,0,32.0,100,6,5,5,9,5
0,omnivore_1,Omnivore,36.2,34.0,0.0,0.0,11.0,0.0,190.0,0,32.0,100,6,5,5,9,5
0,omnivore_3,Omnivore,34.0,34.0,0.0,0.0,0.0,0.0,190.0,0,32.0,145.0,6,5,5,9,5
0,omnivore_2,Omnivore,40.875,39.0,15.0,0.0,0.0,0.0,100,0,22.0,100,6,5,5,9,5
0,herbivore_9,Herbivore,63.95,45.0,150.0,0.0,1.0,0.0,100,13,10.0,100,6,9,5,5,5
0,herbivore_0,Herbivore,34.0,34.0,0.0,0.0,0.0,0.0,100.0,0,32.0,100.0,6,9,5,5,5
0,herbivore_1,Herbivore,34.0,34.0,0.0,0.0,0.0,0.0,136.0,0,32.0,106.0,6,9,5,5,5
0,herbivore_2,Herbivore,34.0,34.0,0.0,0.0,0.0,0.0,100.0,0,32.0,100.0,6,9,5,5,5
0,herbivore_3,Herbivore,34.0,34.0,0.0,0.0,0.0,0.0,100.0,0,32.0,100.0,6,9,5,5,5
0,herbivore_4,Herbivore,34.0,34.0,0.0,0.0,0.0,0.0,100.0,0,32.0,100.0,6,9,5,5,5
0,herbivore_5,Herbivore,34.2,34.0,0.0,0.0,1.0,0.0,100.0,0,32.0,100.0,6,9,5,5,5
0,herbivore_6,Herbivore,34.0,34.0,0.0,0.0,0.0,0.0,138.0,0,32.0,105.0,6,9,5,5,5
0,herbivore_7,Herbivore,34.8,34.0,0.0,0.0,4.0,0.0,144.0,0,32.0,100,6,9,5,5,5
0,herbivore_8,Herbivore,34.0,34.0,0.0,0.0,0.0,0.0,136.0,0,32.0,112.0,6,9,5,5,5
0,herbivore_10,Herbivore,34.0,34.0,0.0,0.0,0.0,0.0,143.0,0,32.0,113.0,6,9,5,5,5
0,herbivore_11,Herbivore,39.0,34.0,0.0,0.0,25.0,0.0,146.0,0,32.0,53.0,6,9,5,5,5
0,carnivore_0,Carnivore,34.2,34.0,0.0,0.0,1.0,0.0,145.0,0,32.0,113.0,9,6,5,5,5
0,carnivore_1,Carnivore,39.4,34.0,0.0,0.0,27.0,0.0,150.0,0,32.0,34.0,9,6,5,5,5
0,carnivore_2,Carnivore,36.2,34.0,0.0,0.0,11.0,0.0,144.0,0,32.0,100,9,6,5,5,5
0,carnivore_3,Carnivore,36.0,34.0,0.0,0.0,10.0,0.0,150.0,0,32.0,100,9,6,5,5,5
0,omnivore_0,Omnivore,36.0,34.0,0.0,0.0,10.0,0.0,190.0,0,32.0,100,6,5,5,9,5
0,omnivore_1,Omnivore,36.2,34.0,0.0,0.0,11.0,0.0,190.0,0,32.0,100,6,5,5,9,5
0,omnivore_3,Omnivore,34.0,34.0,0.0,0.0,0.0,0.0,190.0,0,32.0,145.0,6,5,5,9,5
0,omnivore_2,Omnivore,40.875,39.0,15.0,0.0,0.0,0.0,100,0,22.0,100,6,5,5,9,5
0,herbivore_9,Herbivore,64.95,46.0,150.0,0.0,1.0,0.0,100,10,8.0,100,6,9,5,5,5
0,herbivore_0,Herbivore,34.0,34.0,0.0,0.0,0.0,0.0,100.0,0,32.0,100.0,6,9,5,5,5
0,herbivore_1,Herbivore,34.0,34.0,0.0,0.0,0.0,0.0,136.0,0,32.0,106.0,6,9,5,5,5
0,herbivore_2,Herbivore,34.0,34.0,0.0,0.0,0.0,0.0,100.0,0,32.0,100.0,6,9,5,5,5
0,herbivore_3,Herbivore,34.0,34.0,0.0,0.0,0.0,0.0,100.0,0,32.0,100.0,6,9,5,5,5
0,herbivore_4,Herbivore,34.0,34.0,0.0,0.0,0.0,0.0,100.0,0,32.0,100.0,6,9,5,5,5
0,herbivore_5,Herbivore,34.2,34.0,0.0,0.0,1.0,0.0,100.0,0,32.0,100.0,6,9,5,5,5
0,herbivore_6,Herbivore,34.0,34.0,0.0,0.0,0.0,0.0,138.0,0,32.0,105.0,6,9,5,5,5
0,herbivore_7,Herbivore,34.8,34.0,0.0,0.0,4.0,0.0,144.0,0,32.0,100,6,9,5,5,5
0,herbivore_8,Herbivore,34.0,34.0,0.0,0.0,0.0,0.0,136.0,0,32.0,112.0,6,9,5,5,5
0,herbivore_10,Herbivore,34.0,34.0,0.0,0.0,0.0,0.0,143.0,0,32.0,113.0,6,9,5,5,5
0,herbivore_11,Herbivore,39.0,34.0,0.0,0.0,25.0,0.0,146.0,0,32.0,53.0,6,9,5,5,5
0,carnivore_0,Carnivore,34.2,34.0,0.0,0.0,1.0,0.0,145.0,0,32.0,113.0,9,6,5,5,5
0,carnivore_1,Carnivore,39.4,34.0,0.0,0.0,27.0,0.0,150.0,0,32.0,34.0,9,6,5,5,5
0,carnivore_2,Carnivore,36.2,34.0,0.0,0.0,11.0,0.0,144.0,0,32.0,100,9,6,5,5,5
0,carnivore_3,Carnivore,36.0,34.0,0.0,0.0,10.0,0.0,150.0,0,32.0,100,9,6,5,5,5
0,omnivore_0,Omnivore,36.0,34.0,0.0,0.0,10.0,0.0,190.0,0,32.0,100,6,5,5,9,5
0,omnivore_1,Omnivore,36.2,34.0,0.0,0.0,11.0,0.0,190.0,0,32.0,100,6,5,5,9,5
0,omnivore_3,Omnivore,34.0,34.0,0.0,0.0,0.0,0.0,190.0,0,32.0,145.0,6,5,5,9,5
0,omnivore_2,Omnivore,40.875,39.0,15.0,0.0,0.0,0.0,100,0,22.0,100,6,5,5,9,5
0,herbivore_9,Herbivore,65.95,47.0,150.0,0.0,1.0,0.0,100,7,6.0,100,6,9,5,5,5
0,herbivore_0,Herbivore,34.0,34.0,0.0,0.0,0.0,0.0,100.0,0,32.0,100.0,6,9,5,5,5
0,herbivore_1,Herbivore,34.0,34.0,0.0,0.0,0.0,0.0,136.0,0,32.0,106.0,6,9,5,5,5
0,herbivore_2,Herbivore,34.0,34.0,0.0,0.0,0.0,0.0,100.0,0,32.0,100.0,6,9,5,5,5
0,herbivore_3,Herbivore,34.0,34.0,0.0,0.0,0.0,0.0,100.0,0,32.0,100.0,6,9,5,5,5
0,herbivore_4,Herbivore,34.0,34.0,0.0,0.0,0.0,0.0,100.0,0,32.0,100.0,6,9,5,5,5
0,herbivore_5,Herbivore,34.2,34.0,0.0,0.0,1.0,0.0,100.0,0,32.0,100.0,6,9,5,5,5
0,herbivore_6,Herbivore,34.0,34.0,0.0,0.0,0.0,0.0,138.0,0,32.0,105.0,6,9,5,5,5
0,herbivore_7,Herbivore,34.8,34.0,0.0,0.0,4.0,0.0,144.0,0,32.0,100,6,9,5,5,5
0,herbivore_8,Herbivore,34.0,34.0,0.0,0.0,0.0,0.0,136.0,0,32.0,112.0,6,9,5,5,5
0,herbivore_10,Herbivore,34.0,34.0,0.0,0.0,0.0,0.0,143.0,0,32.0,113.0,6,9,5,5,5
0,herbivore_11,Herbivore,39.0,34.0,0.0,0.0,25.0,0.0,146.0,0,32.0,53.0,6,9,5,5,5
0,carnivore_0,Carnivore,34.2,34.0,0.0,0.0,1.0,0.0,145.0,0,32.0,113.0,9,6,5,5,5
0,carnivore_1,Carnivore,39.4,34.0,0.0,0.0,27.0,0.0,150.0,0,32.0,34.0,9,6,5,5,5
0,carnivore_2,Carnivore,36.2,34.0,0.0,0.0,11.0,0.0,144.0,0,32.0,100,9,6,5,5,5
0,carnivore_3,Carnivore,36.0,34.0,0.0,0.0,10.0,0.0,150.0,0,32.0,100,9,6,5,5,5
0,omnivore_0,Omnivore,36.0,34.0,0.0,0.0,10.0,0.0,190.0,0,32.0,100,6,5,5,9,5
0,omnivore_1,Omnivore,36.2,34.0,0.0,0.0,11.0,0.0,190.0,0,32.0,100,6,5,5,9,5
0,omnivore_3,Omnivore,34.0,34.0,0.0,0.0,0.0,0.0,190.0,0,32.0,145.0,6,5,5,9,5
0,omnivore_2,Omnivore,40.875,39.0,15.0,0.0,0.0,0.0,100,0,22.0,100,6,5,5,9,5
0,herbivore_9,Herbivore,66.95,48.0,150.0,0.0,1.0,0.0,100,4,4.0,100,6,9,5,5,5
0,herbivore_0,Herbivore,34.0,34.0,0.0,0.0,0.0,0.0,100.0,0,32.0,100.0,6,9,5,5,5
0,herbivore_1,Herbivore,34.0,34.0,0.0,0.0,0.0,0.0,136.0,0,32.0,106.0,6,9,5,5,5
0,herbivore_2,Herbivore,34.0,34.0,0.0,0.0,0.0,0.0,100.0,0,32.0,100.0,6,9,5,5,5
0,herbivore_3,Herbivore,34.0,34.0,0.0,0.0,0.0,0.0,100.0,0,32.0,100.0,6,9,5,5,5
0,herbivore_4,Herbivore,34.0,34.0,0.0,0.0,0.0,0.0,100.0,0,32.0,100.0,6,9,5,5,5
0,herbivore_5,Herbivore,34.2,34.0,0.0,0.0,1.0,0.0,100.0,0,32.0,100.0,6,9,5,5,5
0,herbivore_6,Herbivore,34.0,34.0,0.0,0.0,0.0,0.0,138.0,0,32.0,105.0,6,9,5,5,5
0,herbivore_7,Herbivore,34.8,34.0,0.0,0.0,4.0,0.0,144.0,0,32.0,100,6,9,5,5,5
0,herbivore_8,Herbivore,34.0,34.0,0.0,0.0,0.0,0.0,136.0,0,32.0,112.0,6,9,5,5,5
0,herbivore_10,Herbivore,34.0,34.0,0.0,0.0,0.0,0.0,143.0,0,32.0,113.0,6,9,5,5,5
0,herbivore_11,Herbivore,39.0,34.0,0.0,0.0,25.0,0.0,146.0,0,32.0,53.0,6,9,5,5,5
0,carnivore_0,Carnivore,34.2,34.0,0.0,0.0,1.0,0.0,145.0,0,32.0,113.0,9,6,5,5,5
0,carnivore_1,Carnivore,39.4,34.0,0.0,0.0,27.0,0.0,150.0,0,32.0,34.0,9,6,5,5,5
0,carnivore_2,Carnivore,36.2,34.0,0.0,0.0,11.0,0.0,144.0,0,32.0,100,9,6,5,5,5
0,carnivore_3,Carnivore,36.0,34.0,0.0,0.0,10.0,0.0,150.0,0,32.0,100,9,6,5,5,5
0,omnivore_0,Omnivore,36.0,34.0,0.0,0.0,10.0,0.0,190.0,0,32.0,100,6,5,5,9,5
0,omnivore_1,Omnivore,36.2,34.0,0.0,0.0,11.0,0.0,190.0,0,32.0,100,6,5,5,9,5
0,omnivore_3,Omnivore,34.0,34.0,0.0,0.0,0.0,0.0,190.0,0,32.0,145.0,6,5,5,9,5
0,omnivore_2,Omnivore,40.875,39.0,15.0,0.0,0.0,0.0,100,0,22.0,100,6,5,5,9,5
0,herbivore_9,Herbivore,67.95,49.0,150.0,0.0,1.0,0.0,100,1,2.0,100,6,9,5,5,5
0,herbivore_0,Herbivore,34.0,34.0,0.0,0.0,0.0,0.0,100.0,0,32.0,100.0,6,9,5,5,5
0,herbivore_1,Herbivore,34.0,34.0,0.0,0.0,0.0,0.0,136.0,0,32.0,106.0,6,9,5,5,5
0,herbivore_2,Herbivore,34.0,34.0,0.0,0.0,0.0,0.0,100.0,0,32.0,100.0,6,9,5,5,5
0,herbivore_3,Herbivore,34.0,34.0,0.0,0.0,0.0,0.0,100.0,0,32.0,100.0,6,9,5,5,5
0,herbivore_4,Herbivore,34.0,34.0,0.0,0.0,0.0,0.0,100.0,0,32.0,100.0,6,9,5,5,5
0,herbivore_5,Herbivore,34.2,34.0,0.0,0.0,1.0,0.0,100.0,0,32.0,100.0,6,9,5,5,5
0,herbivore_6,Herbivore,34.0,34.0,0.0,0.0,0.0,0.0,138.0,0,32.0,105.0,6,9,5,5,5
0,herbivore_7,Herbivore,34.8,34.0,0.0,0.0,4.0,0.0,144.0,0,32.0,100,6,9,5,5,5
0,herbivore_8,Herbivore,34.0,34.0,0.0,0.0,0.0,0.0,136.0,0,32.0,112.0,6,9,5,5,5
0,herbivore_10,Herbivore,34.0,34.0,0.0,0.0,0.0,0.0,143.0,0,32.0,113.0,6,9,5,5,5
0,herbivore_11,Herbivore,39.0,34.0,0.0,0.0,25.0,0.0,146.0,0,32.0,53.0,6,9,5,5,5
0,carnivore_0,Carnivore,34.2,34.0,0.0,0.0,1.0,0.0,145.0,0,32.0,113.0,9,6,5,5,5
0,carnivore_1,Carnivore,39.4,34.0,0.0,0.0,27.0,0.0,150.0,0,32.0,34.0,9,6,5,5,5
0,carnivore_2,Carnivore,36.2,34.0,0.0,0.0,11.0,0.0,144.0,0,32.0,100,9,6,5,5,5
0,carnivore_3,Carnivore,36.0,34.0,0.0,0.0,10.0,0.0,150.0,0,32.0,100,9,6,5,5,5
0,omnivore_0,Omnivore,36.0,34.0,0.0,0.0,10.0,0.0,190.0,0,32.0,100,6,5,5,9,5
0,omnivore_1,Omnivore,36.2,34.0,0.0,0.0,11.0,0.0,190.0,0,32.0,100,6,5,5,9,5
0,omnivore_3,Omnivore,34.0,34.0,0.0,0.0,0.0,0.0,190.0,0,32.0,145.0,6,5,5,9,5
0,omnivore_2,Omnivore,40.875,39.0,15.0,0.0,0.0,0.0,100,0,22.0,100,6,5,5,9,5
0,herbivore_0,Herbivore,34.0,34.0,0.0,0.0,0.0,0.0,100.0,0,32.0,100.0,6,9,5,5,5
0,herbivore_1,Herbivore,34.0,34.0,0.0,0.0,0.0,0.0,136.0,0,32.0,106.0,6,9,5,5,5
0,herbivore_2,Herbivore,34.0,34.0,0.0,0.0,0.0,0.0,100.0,0,32.0,100.0,6,9,5,5,5
0,herbivore_3,Herbivore,34.0,34.0,0.0,0.0,0.0,0.0,100.0,0,32.0,100.0,6,9,5,5,5
0,herbivore_4,Herbivore,34.0,34.0,0.0,0.0,0.0,0.0,100.0,0,32.0,100.0,6,9,5,5,5
0,herbivore_5,Herbivore,34.2,34.0,0.0,0.0,1.0,0.0,100.0,0,32.0,100.0,6,9,5,5,5
0,herbivore_6,Herbivore,34.0,34.0,0.0,0.0,0.0,0.0,138.0,0,32.0,105.0,6,9,5,5,5
0,herbivore_7,Herbivore,34.8,34.0,0.0,0.0,4.0,0.0,144.0,0,32.0,100,6,9,5,5,5
0,herbivore_8,Herbivore,34.0,34.0,0.0,0.0,0.0,0.0,136.0,0,32.0,112.0,6,9,5,5,5
0,herbivore_10,Herbivore,34.0,34.0,0.0,0.0,0.0,0.0,143.0,0,32.0,113.0,6,9,5,5,5
0,herbivore_11,Herbivore,39.0,34.0,0.0,0.0,25.0,0.0,146.0,0,32.0,53.0,6,9,5,5,5
0,carnivore_0,Carnivore,34.2,34.0,0.0,0.0,1.0,0.0,145.0,0,32.0,113.0,9,6,5,5,5
0,carnivore_1,Carnivore,39.4,34.0,0.0,0.0,27.0,0.0,150.0,0,32.0,34.0,9,6,5,5,5
0,carnivore_2,Carnivore,36.2,34.0,0.0,0.0,11.0,0.0,144.0,0,32.0,100,9,6,5,5,5
0,carnivore_3,Carnivore,36.0,34.0,0.0,0.0,10.0,0.0,150.0,0,32.0,100,9,6,5,5,5
0,omnivore_0,Omnivore,36.0,34.0,0.0,0.0,10.0,0.0,190.0,0,32.0,100,6,5,5,9,5
0,omnivore_1,Omnivore,36.2,34.0,0.0,0.0,11.0,0.0,190.0,0,32.0,100,6,5,5,9,5
0,omnivore_3,Omnivore,34.0,34.0,0.0,0.0,0.0,0.0,190.0,0,32.0,145.0,6,5,5,9,5
0,omnivore_2,Omnivore,40.875,39.0,15.0,0.0,0.0,0.0,100,0,22.0,100,6,5,5,9,5
0,herbivore_9,Herbivore,68.95,50.0,150.0,0.0,1.0,0.0,100,0,0,100,6,9,5,5,5
0,herbivore_0,Herbivore,12.6,11.0,0.0,0.0,8.0,0.0,150.0,67.0,78.0,95.0,6,9,5,5,5
0,herbivore_1,Herbivore,12.4,11.0,0.0,0.0,7.0,0.0,150.0,67.0,78.0,100,6,9,5,5,5
0,herbivore_2,Herbivore,13.2,11.0,0.0,0.0,11.0,0.0,143.0,67.0,78.0,73.0,6,9,5,5,5
0,herbivore_3,Herbivore,11.0,11.0,0.0,0.0,0.0,0.0,150.0,67.0,78.0,125.0,6,9,5,5,5
0,herbivore_4,Herbivore,11.0,11.0,0.0,0.0,0.0,0.0,150.0,67.0,78.0,125.0,6,9,5,5,5
0,herbivore_5,Herbivore,12.2,11.0,0.0,0.0,6.0,0.0,150.0,67.0,78.0,100,6,9,5,5,5
0,herbivore_6,Herbivore,11.8,11.0,0.0,0.0,4.0,0.0,150.0,67.0,78.0,105.0,6,9,5,5,5
0,carnivore_0,Carnivore,11.2,11.0,0.0,0.0,1.0,0.0,150.0,67.0,78.0,120.0,9,6,5,5,5
0,carnivore_1,Carnivore,11.0,11.0,0.0,0.0,0.0,0.0,144.0,67.0,78.0,118.0,9,6,5,5,5
0,omnivore_0,Omnivore,11.0,11.0,0.0,0.0,0.0,0.0,100.0,67.0,78.0,100.0,6,5,5,9,5
0,omnivore_1,Omnivore,11.0,11.0,0.0,0.0,0.0,0.0,190.0,67.0,78.0,145.0,6,5,5,9,5
0,omnivore_2,Omnivore,12.0,11.0,0.0,0.0,5.0,0.0,187.0,67.0,78.0,110.0,6,5,5,9,5
1,elite_0_herbivore_2,Herbivore,9.8,9.0,0.0,0.0,4.0,0.0,140.0,73.0,82.0,100,5,9,6,4,6
1,child_1,Omnivore,9.4,9.0,0.0,0.0,2.0,0.0,190.0,73.0,82.0,100,6,5,5,9,4
1,child_2,Herbivore,9.0,9.0,0.0,0.0,0.0,0.0,150.0,73.0,82.0,100,5,8,4,5,6
1,child_3,Herbivore,10.8,9.0,0.0,0.0,9.0,0.0,150.0,73.0,82.0,89.0,6,9,5,5,5
1,child_4,Herbivore,9.8,9.0,0.0,0.0,4.0,0.0,160.0,73.0,82.0,100,5,9,4,6,5
1,child_5,Herbivore,9.0,9.0,0.0,0.0,0.0,0.0,140.0,73.0,82.0,100,6,7,6,4,5
1,child_6,Herbivore,9.6,9.0,0.0,0.0,3.0,0.0,160.0,73.0,82.0,100,6,9,6,6,5
1,child_7,Herbivore,9.0,9.0,0.0,0.0,0.0,0.0,150.0,73.0,82.0,100,4,7,6,5,4
1,child_8,Herbivore,59.2,9.0,400.0,0.0,1.0,0.0,140.0,73.0,100,98.0,4,7,4,4,4
1,child_9,Herbivore,10.0,9.0,0.0,0.0,5.0,0.0,150.0,73.0,82.0,97.0,5,9,4,5,5
1,child_10,Herbivore,9.0,9.0,0.0,0.0,0.0,0.0,160.0,73.0,82.0,100,6,9,4,6,6
1,child_11,Herbivore,9.0,9.0,0.0,0.0,0.0,0.0,140.0,73.0,82.0,100,5,8,5,4,4
0,herbivore_0,Herbivore,34.8,34.0,0.0,0.0,4.0,0.0,100.0,0,32.0,100.0,6,9,5,5,5
0,herbivore_1,Herbivore,34.0,34.0,0.0,0.0,0.0,0.0,150.0,0,32.0,112.0,6,9,5,5,5
0,herbivore_2,Herbivore,34.0,34.0,0.0,0.0,0.0,0.0,100.0,0,32.0,100.0,6,9,5,5,5
0,herbivore_3,Herbivore,34.0,34.0,0.0,0.0,0.0,0.0,150.0,0,32.0,114.0,6,9,5,5,5
0,herbivore_4,Herbivore,34.0,34.0,0.0,0.0,0.0,0.0,150.0,0,32.0,120.0,6,9,5,5,5
0,herbivore_5,Herbivore,34.2,34.0,0.0,0.0,1.0,0.0,150.0,0,32.0,112.0,6,9,5,5,5
0,herbivore_6,Herbivore,40.6,34.0,0.0,0.0,33.0,0.0,150.0,0,32.0,5.0,6,9,5,5,5
0,carnivore_0,Carnivore,38.2,34.0,0.0,0.0,21.0,0.0,150.0,0,32.0,65.0,9,6,5,5,5
0,carnivore_1,Carnivore,35.2,34.0,0.0,0.0,6.0,0.0,144.0,0,32.0,100,9,6,5,5,5
0,omnivore_0,Omnivore,34.0,34.0,0.0,0.0,0.0,0.0,100.0,0,32.0,100.0,6,5,5,9,5
0,omnivore_1,Omnivore,34.0,34.0,0.0,0.0,0.0,0.0,190.0,0,32.0,131.0,6,5,5,9,5
0,omnivore_2,Omnivore,34.6,34.0,0.0,0.0,3.0,0.0,100.0,0,32.0,100.0,6,5,5,9,5
0,herbivore_0,Herbivore,34.0,34.0,0.0,0.0,0.0,0.0,150.0,0,32.0,100,6,9,5,5,5
0,herbivore_1,Herbivore,34.2,34.0,0.0,0.0,1.0,0.0,150.0,0,32.0,100,6,9,5,5,5
0,herbivore_2,Herbivore,40.4,34.0,0.0,0.0,32.0,0.0,100.0,0,32.0,35.0,6,9,5,5,5
0,herbivore_3,Herbivore,38.8,34.0,0.0,0.0,24.0,0.0,150.0,0,32.0,65.0,6,9,5,5,5
0,herbivore_4,Herbivore,37.2,34.0,0.0,0.0,16.0,0.0,100.0,0,32.0,100,6,9,5,5,5
0,herbivore_5,Herbivore,36.2,34.0,0.0,0.0,11.0,0.0,150.0,0,32.0,100,6,9,5,5,5
0,herbivore_6,Herbivore,34.0,34.0,0.0,0.0,0.0,0.0,150.0,0,32.0,100,6,9,5,5,5
0,carnivore_0,Carnivore,34.0,34.0,0.0,0.0,0.0,0.0,150.0,0,32.0,100,9,6,5,5,5
0,carnivore_1,Carnivore,35.0,34.0,0.0,0.0,5.0,0.0,100.0,0,32.0,100,9,6,5,5,5
0,omnivore_0,Omnivore,34.4,34.0,0.0,0.0,2.0,0.0,190.0,0,32.0,100,6,5,5,9,5
0,omnivore_1,Omnivore,34.0,34.0,0.0,0.0,0.0,0.0,190.0,0,32.0,100,6,5,5,9,5
0,omnivore_2,Omnivore,34.0,34.0,0.0,0.0,0.0,0.0,187.0,0,32.0,100,6,5,5,9,5
1,elite_0_herbivore_2,Herbivore,36.2,34.0,0.0,0.0,11.0,0.0,100.0,0,32.0,100.0,6,8,5,6,6
1,child_1,Herbivore,34.4,34.0,0.0,0.0,2.0,0.0,100.0,0,32.0,100.0,4,9,6,4,4
1,child_2,Herbivore,34.6,34.0,0.0,0.0,3.0,0.0,100.0,0,32.0,100.0,6,7,5,6,4
1,child_3,Herbivore,35.4,34.0,0.0,0.0,7.0,0.0,100.0,0,32.0,100.0,4,7,4,6,4
1,child_4,Herbivore,40.6,34.0,0.0,0.0,33.0,0.0,150.0,0,32.0,34.0,4,7,5,5,6
1,child_5,Herbivore,35.2,34.0,0.0,0.0,6.0,0.0,140.0,0,32.0,100,6,8,5,4,4
1,child_6,Herbivore,37.6,34.0,0.0,0.0,18.0,0.0,160.0,0,32.0,94.0,5,9,5,6,5
1,child_7,Herbivore,35.8,34.0,0.0,0.0,9.0,0.0,100.0,0,32.0,100.0,4,9,4,5,6
1,child_8,Herbivore,34.0,34.0,0.0,0.0,0.0,0.0,100.0,0,32.0,100.0,6,9,4,5,4
1,child_9,Herbivore,34.0,34.0,0.0,0.0,0.0,0.0,100.0,0,32.0,100.0,6,7,6,4,5
1,child_10,Herbivore,36.2,34.0,0.0,0.0,11.0,0.0,140.0,0,32.0,100,4,7,4,4,5
1,child_11,Herbivore,36.0,34.0,0.0,0.0,10.0,0.0,150.0,0,32.0,100,6,9,6,5,5
2,elite_0_child_4,Herbivore,35.8,34.0,0.0,0.0,9.0,0.0,150.0,0,32.0,100,6,9,4,5,5
2,child_1,Herbivore,34.8,34.0,0.0,0.0,4.0,0.0,100.0,0,32.0,100,6,9,6,5,4
2,child_2,Herbivore,35.2,34.0,0.0,0.0,6.0,0.0,150.0,0,32.0,100,6,9,4,5,6
2,child_3,Herbivore,40.6,34.0,0.0,0.0,33.0,0.0,140.0,0,32.0,13.0,5,9,5,4,6
2,child_4,Herbivore,40.2,34.0,0.0,0.0,31.0,0.0,160.0,0,32.0,25.0,6,9,6,6,4
2,child_5,Herbivore,36.6,34.0,0.0,0.0,13.0,0.0,160.0,0,32.0,100,6,9,5,6,5
2,child_6,Herbivore,35.6,34.0,0.0,0.0,8.0,0.0,140.0,0,32.0,100,4,8,5,4,4
2,child_7,Herbivore,34.0,34.0,0.0,0.0,0.0,0.0,100.0,0,32.0,100.0,5,8,4,4,4
2,child_8,Herbivore,35.4,34.0,0.0,0.0,7.0,0.0,100.0,0,32.0,100.0,4,7,5,4,6
2,child_9,Herbivore,221.5,34.0,1500.0,0.0,0.0,0.0,140.0,0,98,100,6,9,6,4,6
2,child_10,Herbivore,40.6,34.0,0.0,0.0,33.0,0.0,160.0,0,32.0,19.0,5,9,4,6,5
2,child_11,Herbivore,34.6,34.0,0.0,0.0,3.0,0.0,160.0,0,32.0,115.0,4,7,4,6,6
0,herbivore_0,Herbivore,21.0,18.0,0.0,0.0,15.0,0.0,150.0,46.0,64.0,76.0,6,9,5,5,5
0,herbivore_1,Herbivore,18.0,18.0,0.0,0.0,0.0,0.0,145.0,46.0,64.0,100,6,9,5,5,5
0,herbivore_2,Herbivore,20.6,18.0,0.0,0.0,13.0,0.0,150.0,46.0,64.0,85.0,6,9,5,5,5
0,herbivore_3,Herbivore,18.0,18.0,0.0,0.0,0.0,0.0,150.0,46.0,64.0,100,6,9,5,5,5
0,herbivore_4,Herbivore,18.0,18.0,0.0,0.0,0.0,0.0,100.0,46.0,64.0,100,6,9,5,5,5
0,herbivore_5,Herbivore,20.8,18.0,0.0,0.0,14.0,0.0,145.0,46.0,64.0,75.0,6,9,5,5,5
0,carnivore_0,Carnivore,18.2,18.0,0.0,0.0,1.0,0.0,150.0,46.0,64.0,100,9,6,5,5,5
0,carnivore_1,Carnivore,18.0,18.0,0.0,0.0,0.0,0.0,150.0,46.0,64.0,100,9,6,5,5,5
0,omnivore_0,Omnivore,18.2,18.0,0.0,0.0,1.0,0.0,182.0,46.0,64.0,100,6,5,5,9,5
0,omnivore_1,Omnivore,20.4,18.0,0.0,0.0,12.0,0.0,182.0,46.0,64.0,84.0,6,5,5,9,5
1,elite_0_herbivore_0,Herbivore,18.0,15.0,0.0,0.0,15.0,0.0,150.0,55.0,70.0,68.0,5,7,4,5,5
1,child_1,Herbivore,17.2,15.0,0.0,0.0,11.0,0.0,160.0,55.0,70.0,91.0,6,9,4,6,5
1,child_2,Herbivore,15.6,15.0,0.0,0.0,3.0,0.0,150.0,55.0,70.0,110.0,5,7,5,5,5
1,child_3,Herbivore,15.4,15.0,0.0,0.0,2.0,0.0,160.0,55.0,70.0,120.0,5,9,6,6,6
1,child_4,Herbivore,15.2,15.0,0.0,0.0,1.0,0.0,140.0,55.0,70.0,115.0,6,7,5,4,5
1,child_5,Herbivore,15.8,15.0,0.0,0.0,4.0,0.0,150.0,55.0,70.0,47.0,5,8,4,5,5
1,child_6,Herbivore,15.8,15.0,0.0,0.0,4.0,0.0,160.0,55.0,70.0,110.0,6,9,5,6,4
1,child_7,Herbivore,16.6,15.0,0.0,0.0,8.0,0.0,160.0,55.0,70.0,100,5,7,6,6,4
1,child_8,Herbivore,16.2,15.0,0.0,0.0,6.0,0.0,160.0,55.0,70.0,100.0,5,9,6,6,4
1,child_9,Herbivore,15.6,15.0,0.0,0.0,3.0,0.0,100.0,55.0,70.0,100.0,4,9,5,4,5
0,herbivore_0,Herbivore,17.0,17.0,0.0,0.0,0.0,0.0,150.0,49.0,66.0,100,6,9,5,5,5
0,herbivore_1,Herbivore,29.5,17.0,100.0,0.0,0.0,0.0,150.0,49.0,100,98.0,6,9,5,5,5
0,herbivore_2,Herbivore,17.8,17.0,0.0,0.0,4.0,0.0,150.0,49.0,66.0,100,6,9,5,5,5
0,herbivore_3,Herbivore,18.8,17.0,0.0,0.0,9.0,0.0,150.0,49.0,66.0,80.0,6,9,5,5,5
0,herbivore_4,Herbivore,17.0,17.0,0.0,0.0,0.0,0.0,150.0,49.0,66.0,100,6,9,5,5,5
0,herbivore_5,Herbivore,17.6,17.0,0.0,0.0,3.0,0.0,100.0,49.0,66.0,100,6,9,5,5,5
0,carnivore_0,Carnivore,17.2,17.0,0.0,0.0,1.0,0.0,150.0,49.0,66.0,100,9,6,5,5,5
0,carnivore_1,Carnivore,19.6,17.0,0.0,0.0,13.0,0.0,150.0,49.0,66.0,76.0,9,6,5,5,5
0,omnivore_0,Omnivore,17.0,17.0,0.0,0.0,0.0,0.0,190.0,49.0,66.0,100,6,5,5,9,5
0,omnivore_1,Omnivore,17.4,17.0,0.0,0.0,2.0,0.0,190.0,49.0,66.0,92.0,6,5,5,9,5
1,elite_0_herbivore_1,Herbivore,19.0,19.0,0.0,0.0,0.0,0.0,136.0,43.0,62.0,108.0,5,8,5,4,6
1,child_1,Herbivore,22.8,19.0,0.0,0.0,19.0,0.0,160.0,43.0,62.0,59.0,5,9,5,6,4
1,child_2,Herbivore,19.0,19.0,0.0,0.0,0.0,0.0,160.0,43.0,62.0,130.0,5,8,4,6,5
1,child_3,Herbivore,19.0,19.0,0.0,0.0,0.0,0.0,150.0,43.0,62.0,125.0,4,8,5,5,6
1,child_4,Herbivore,19.0,19.0,0.0,0.0,0.0,0.0,13.0,43.0,62.0,108.0,4,7,4,4,5
1,child_5,Carnivore,19.0,19.0,0.0,0.0,0.0,0.0,140.0,43.0,62.0,120.0,9,4,6,4,4
1,child_6,Herbivore,20.4,19.0,0.0,0.0,7.0,0.0,160.0,43.0,62.0,100,5,8,5,6,5
1,child_7,Carnivore,19.4,19.0,0.0,0.0,2.0,0.0,150.0,43.0,62.0,115.0,8,4,4,5,5
1,child_8,Herbivore,19.8,19.0,0.0,0.0,4.0,0.0,100.0,43.0,62.0,100.0,6,9,4,6,5
1,child_9,Herbivore,19.4,19.0,0.0,0.0,2.0,0.0,100.0,43.0,62.0,100.0,5,7,5,5,5
0,herbivore_0,Herbivore,17.0,17.0,0.0,0.0,0.0,0.0,150.0,49.0,66.0,100,6,9,5,5,5
0,herbivore_1,Herbivore,18.6,17.0,0.0,0.0,8.0,0.0,150.0,49.0,66.0,100,6,9,5,5,5
0,herbivore_2,Herbivore,17.0,17.0,0.0,0.0,0.0,0.0,150.0,49.0,66.0,100,6,9,5,5,5
0,herbivore_3,Herbivore,20.4,17.0,0.0,0.0,17.0,0.0,150.0,49.0,66.0,56.0,6,9,5,5,5
0,herbivore_4,Herbivore,17.8,17.0,0.0,0.0,4.0,0.0,150.0,49.0,66.0,100,6,9,5,5,5
0,herbivore_5,Herbivore,17.0,17.0,0.0,0.0,0.0,0.0,100.0,49.0,66.0,100,6,9,5,5,5
0,carnivore_0,Carnivore,20.4,17.0,0.0,0.0,17.0,0.0,144.0,49.0,66.0,56.0,9,6,5,5,5
0,carnivore_1,Carnivore,17.4,17.0,0.0,0.0,2.0,0.0,150.0,49.0,66.0,100,9,6,5,5,5
0,omnivore_0,Omnivore,18.4,17.0,0.0,0.0,7.0,0.0,100.0,49.0,66.0,100.0,6,5,5,9,5
0,omnivore_1,Omnivore,17.0,17.0,0.0,0.0,0.0,0.0,100.0,49.0,66.0,100,6,5,5,9,5
1,elite_0_herbivore_3,Herbivore,24.0,20.0,0.0,0.0,20.0,0.0,150.0,40.0,60.0,53.0,5,7,6,5,4
1,child_1,Herbivore,21.2,20.0,0.0,0.0,6.0,0.0,160.0,40.0,60.0,100.0,5,8,5,6,4
1,child_2,Carnivore,20.0,20.0,0.0,0.0,0.0,0.0,150.0,40.0,60.0,115.0,7,4,4,5,6
1,child_3,Herbivore,21.2,20.0,0.0,0.0,6.0,0.0,25.0,40.0,60.0,100,4,9,4,4,5
1,child_4,Herbivore,23.8,20.0,0.0,0.0,19.0,0.0,141.0,40.0,60.0,76.0,5,8,6,5,5
1,child_5,Herbivore,21.4,20.0,0.0,0.0,7.0,0.0,150.0,40.0,60.0,100,4,7,5,5,6
1,child_6,Herbivore,21.4,20.0,0.0,0.0,7.0,0.0,150.0,40.0,60.0,100,6,7,6,5,5
1,child_7,Herbivore,24.0,20.0,0.0,0.0,20.0,0.0,150.0,40.0,60.0,68.0,4,8,5,5,5
1,child_8,Carnivore,21.2,20.0,0.0,0.0,6.0,0.0,160.0,40.0,60.0,100.0,9,6,6,6,6
1,child_9,Herbivore,24.0,20.0,0.0,0.0,20.0,0.0,150.0,40.0,60.0,70.0,4,8,4,5,5
0,herbivore_0,Herbivore,14.0,14.0,0.0,0.0,0.0,0.0,96.0,58.0,72.0,100.0,6,9,5,5,5
0,herbivore_1,Herbivore,14.0,14.0,0.0,0.0,0.0,0.0,100.0,58.0,72.0,100.0,6,9,5,5,5
0,herbivore_2,Herbivore,16.8,14.0,0.0,0.0,14.0,0.0,143.0,58.0,72.0,60.0,6,9,5,5,5
0,herbivore_3,Herbivore,14.0,14.0,0.0,0.0,0.0,0.0,150.0,58.0,72.0,116.0,6,9,5,5,5
0,herbivore_4,Herbivore,14.0,14.0,0.0,0.0,0.0,0.0,100.0,58.0,72.0,100.0,6,9,5,5,5
0,herbivore_5,Herbivore,14.0,14.0,0.0,0.0,0.0,0.0,100.0,58.0,72.0,100.0,6,9,5,5,5
0,carnivore_0,Carnivore,14.0,14.0,0.0,0.0,0.0,0.0,143.0,58.0,72.0,101.0,9,6,5,5,5
0,carnivore_1,Carnivore,14.2,14.0,0.0,0.0,1.0,0.0,144.0,58.0,72.0,106.0,9,6,5,5,5
0,omnivore_0,Omnivore,14.0,14.0,0.0,0.0,0.0,0.0,179.0,58.0,72.0,2.0,6,5,5,9,5
0,omnivore_1,Omnivore,15.4,14.0,0.0,0.0,7.0,0.0,190.0,58.0,72.0,100,6,5,5,9,5
1,elite_0_herbivore_2,Herbivore,15.0,14.0,0.0,0.0,5.0,0.0,160.0,58.0,72.0,100,6,7,5,6,6
1,child_1,Omnivore,15.2,14.0,0.0,0.0,6.0,0.0,190.0,58.0,72.0,100,6,4,4,9,5
1,child_2,Herbivore,14.2,14.0,0.0,0.0,1.0,0.0,140.0,58.0,72.0,100,4,8,4,4,5
1,child_3,Omnivore,15.6,14.0,0.0,0.0,8.0,0.0,180.0,58.0,72.0,100,5,5,4,8,5
1,child_4,Herbivore,16.8,14.0,0.0,0.0,14.0,0.0,150.0,58.0,72.0,81.0,5,8,5,5,5
1,child_5,Omnivore,14.0,14.0,0.0,0.0,0.0,0.0,190.0,58.0,72.0,100,4,5,4,9,6
1,child_6,Herbivore,16.8,14.0,0.0,0.0,14.0,0.0,160.0,58.0,72.0,94.0,4,8,4,6,4
1,child_7,Herbivore,16.2,14.0,0.0,0.0,11.0,0.0,131.0,58.0,72.0,93.0,6,7,4,4,4
1,child_8,Herbivore,16.8,14.0,0.0,0.0,14.0,0.0,140.0,58.0,72.0,86.0,4,9,4,4,4
1,child_9,Omnivore,14.2,14.0,0.0,0.0,1.0,0.0,154.0,58.0,72.0,100,5,6,4,9,4
0,herbivore_0,Herbivore,18.2,18.0,0.0,0.0,1.0,0.0,150.0,46.0,64.0,100,6,9,5,5,5
0,herbivore_1,Herbivore,18.0,18.0,0.0,0.0,0.0,0.0,100.0,46.0,64.0,100,6,9,5,5,5
0,herbivore_2,Herbivore,18.0,18.0,0.0,0.0,0.0,0.0,150.0,46.0,64.0,100,6,9,5,5,5
0,herbivore_3,Herbivore,18.0,18.0,0.0,0.0,0.0,0.0,147.0,46.0,64.0,96,6,9,5,5,5
0,herbivore_4,Herbivore,21.6,18.0,0.0,0.0,18.0,0.0,150.0,46.0,64.0,53.0,6,9,5,5,5
0,herbivore_5,Herbivore,19.8,18.0,0.0,0.0,9.0,0.0,92.0,46.0,64.0,98.0,6,9,5,5,5
0,carnivore_0,Carnivore,18.2,18.0,0.0,0.0,1.0,0.0,97.0,46.0,64.0,100,9,6,5,5,5
0,carnivore_1,Carnivore,18.0,18.0,0.0,0.0,0.0,0.0,100.0,46.0,64.0,100,9,6,5,5,5
0,omnivore_0,Omnivore,18.0,18.0,0.0,0.0,0.0,0.0,190.0,46.0,64.0,100,6,5,5,9,5
0,omnivore_1,Omnivore,18.8,18.0,0.0,0.0,4.0,0.0,186.0,46.0,64.0,96,6,5,5,9,5
1,elite_0_herbivore_4,Herbivore,22.8,19.0,0.0,0.0,19.0,0.0,140.0,43.0,62.0,53.0,6,8,5,4,5
1,child_1,Herbivore,22.0,19.0,0.0,0.0,15.0,0.0,160.0,43.0,62.0,79.0,5,8,5,6,6
1,child_2,Carnivore,19.2,19.0,0.0,0.0,1.0,0.0,140.0,43.0,62.0,115.0,9,6,6,4,5
1,child_3,Herbivore,22.8,19.0,0.0,0.0,19.0,0.0,150.0,43.0,62.0,56.0,4,8,5,5,4
1,child_4,Herbivore,19.6,19.0,0.0,0.0,3.0,0.0,160.0,43.0,62.0,115.0,5,8,6,6,5
1,child_5,Carnivore,19.6,19.0,0.0,0.0,3.0,0.0,140.0,43.0,62.0,105.0,9,4,5,4,6
1,child_6,Herbivore,20.2,19.0,0.0,0.0,6.0,0.0,160.0,43.0,62.0,100.0,6,7,5,6,6
1,child_7,Herbivore,20.4,19.0,0.0,0.0,7.0,0.0,160.0,43.0,62.0,100,6,7,4,6,5
1,child_8,Herbivore,22.8,19.0,0.0,0.0,19.0,0.0,140.0,43.0,62.0,53.0,4,8,4,4,5
1,child_9,Herbivore,22.8,19.0,0.0,0.0,19.0,0.0,150.0,43.0,62.0,56.0,5,8,4,5,5
0,herbivore_0,Herbivore,7.2,7.0,0.0,0.0,1.0,0.0,126.0,79.0,86.0,74.0,6,9,5,5,5
0,herbivore_1,Herbivore,8.4,7.0,0.0,0.0,7.0,0.0,150.0,79.0,86.0,89.0,6,9,5,5,5
0,herbivore_2,Herbivore,7.0,7.0,0.0,0.0,0.0,0.0,150.0,79.0,86.0,118.0,6,9,5,5,5
0,herbivore_3,Herbivore,10.75,7.0,30.0,0.0,0.0,0.0,150.0,82,86.0,109.0,6,9,5,5,5
0,herbivore_4,Herbivore,7.8,7.0,0.0,0.0,4.0,0.0,97.0,79.0,86.0,92.0,6,9,5,5,5
0,herbivore_5,Herbivore,8.4,7.0,0.0,0.0,7.0,0.0,150.0,79.0,86.0,85.0,6,9,5,5,5
0,herbivore_6,Herbivore,7.0,7.0,0.0,0.0,0.0,0.0,150.0,79.0,86.0,120.0,6,9,5,5,5
0,carnivore_0,Carnivore,7.0,7.0,0.0,0.0,0.0,0.0,150.0,79.0,86.0,112.0,9,6,5,5,5
0,carnivore_1,Carnivore,7.0,7.0,0.0,0.0,0.0,0.0,150.0,79.0,86.0,113.0,9,6,5,5,5
0,omnivore_0,Omnivore,7.0,7.0,0.0,0.0,0.0,0.0,190.0,79.0,86.0,138.0,6,5,5,9,5
0,omnivore_1,Omnivore,7.4,7.0,0.0,0.0,2.0,0.0,190.0,79.0,86.0,128.0,6,5,5,9,5
0,omnivore_2,Omnivore,7.0,7.0,0.0,0.0,0.0,0.0,100.0,79.0,86.0,100.0,6,5,5,9,5
1,elite_0_herbivore_3,Herbivore,8.0,8.0,0.0,0.0,0.0,0.0,140.0,76.0,84.0,120.0,6,9,6,4,4
1,child_1,Herbivore,9.2,8.0,0.0,0.0,6.0,0.0,140.0,76.0,84.0,92.0,4,7,6,4,5
1,child_2,Herbivore,11.75,8.0,30.0,0.0,0.0,0.0,150.0,79,84.0,123.0,6,7,5,5,5
1,child_3,Herbivore,9.2,8.0,0.0,0.0,6.0,0.0,136.0,76.0,84.0,100.0,5,8,4,6,5
1,child_4,Herbivore,9.2,8.0,0.0,0.0,6.0,0.0,150.0,76.0,84.0,99.0,6,7,6,5,6
1,child_5,Herbivore,9.4,8.0,0.0,0.0,7.0,0.0,150.0,76.0,84.0,94.0,5,9,4,5,6
1,child_6,Herbivore,8.0,8.0,0.0,0.0,0.0,0.0,160.0,76.0,84.0,130.0,6,7,4,6,5
1,child_7,Herbivore,8.0,8.0,0.0,0.0,0.0,0.0,100.0,76.0,84.0,100.0,4,7,6,6,4
1,child_8,Herbivore,9.6,8.0,0.0,0.0,8.0,0.0,140.0,76.0,84.0,86.0,5,8,6,4,5
1,child_9,Herbivore,9.6,8.0,0.0,0.0,8.0,0.0,142.0,76.0,84.0,89.0,4,7,5,5,6
1,child_10,Herbivore,8.0,8.0,0.0,0.0,0.0,0.0,140.0,76.0,84.0,120.0,6,7,4,4,6
1,child_11,Herbivore,58.0,8.0,400.0,0.0,0.0,0.0,150.0,76.0,100,109.0,6,8,4,5,5
0,herbivore_0,Herbivore,8.0,8.0,0.0,0.0,0.0,0.0,144.0,76.0,84.0,95,6,9,5,5,5
0,herbivore_1,Herbivore,8.0,8.0,0.0,0.0,0.0,0.0,144.0,76.0,84.0,100,6,9,5,5,5
0,herbivore_2,Herbivore,9.6,8.0,0.0,0.0,8.0,0.0,150.0,76.0,84.0,92.0,6,9,5,5,5
0,herbivore_3,Herbivore,9.0,8.0,0.0,0.0,5.0,0.0,100.0,76.0,84.0,100,6,9,5,5,5
0,herbivore_4,Herbivore,8.0,8.0,0.0,0.0,0.0,0.0,100.0,76.0,84.0,100,6,9,5,5,5
0,herbivore_5,Herbivore,12.95,8.0,30.0,0.0,6.0,0.0,150.0,97,84.0,100,6,9,5,5,5
0,herbivore_6,Herbivore,8.0,8.0,0.0,0.0,0.0,0.0,142.0,76.0,84.0,96,6,9,5,5,5
0,herbivore_7,Herbivore,9.0,8.0,0.0,0.0,5.0,0.0,150.0,76.0,84.0,100,6,9,5,5,5
0,herbivore_8,Herbivore,8.0,8.0,0.0,0.0,0.0,0.0,100.0,76.0,84.0,100,6,9,5,5,5
0,herbivore_9,Herbivore,8.0,8.0,0.0,0.0,0.0,0.0,147.0,76.0,84.0,96,6,9,5,5,5
0,herbivore_10,Herbivore,8.0,8.0,0.0,0.0,0.0,0.0,150.0,76.0,84.0,100,6,9,5,5,5
0,herbivore_11,Herbivore,8.6,8.0,0.0,0.0,3.0,0.0,145.0,76.0,84.0,94,6,9,5,5,5
0,herbivore_12,Herbivore,8.0,8.0,0.0,0.0,0.0,0.0,143.0,76.0,84.0,94,6,9,5,5,5
0,herbivore_13,Herbivore,9.4,8.0,0.0,0.0,7.0,0.0,142.0,76.0,84.0,84.0,6,9,5,5,5
0,carnivore_0,Carnivore,8.0,8.0,0.0,0.0,0.0,0.0,142.0,76.0,84.0,98,9,6,5,5,5
0,carnivore_1,Carnivore,8.0,8.0,0.0,0.0,0.0,0.0,147.0,76.0,84.0,92,9,6,5,5,5
0,carnivore_2,Carnivore,8.0,8.0,0.0,0.0,0.0,0.0,100.0,76.0,84.0,100,9,6,5,5,5
0,carnivore_3,Carnivore,9.0,8.0,0.0,0.0,5.0,0.0,144.0,76.0,84.0,100,9,6,5,5,5
0,omnivore_0,Omnivore,8.0,8.0,0.0,0.0,0.0,0.0,184.0,76.0,84.0,92,6,5,5,9,5
0,omnivore_1,Omnivore,8.2,8.0,0.0,0.0,1.0,0.0,178.0,76.0,84.0,100,6,5,5,9,5
0,omnivore_2,Omnivore,9.0,8.0,0.0,0.0,5.0,0.0,186.0,76.0,84.0,98,6,5,5,9,5
0,omnivore_3,Omnivore,8.0,8.0,0.0,0.0,0.0,0.0,100.0,76.0,84.0,100,6,5,5,9,5
0,omnivore_4,Omnivore,8.0,8.0,0.0,0.0,0.0,0.0,190.0,76.0,84.0,100,6,5,5,9,5
0,omnivore_5,Omnivore,8.0,8.0,0.0,0.0,0.0,0.0,185.0,76.0,84.0,99,6,5,5,9,5
0,herbivore_0,Herbivore,6.0,6.0,0.0,0.0,0.0,0.0,78.0,82.0,88.0,76.0,6,9,5,5,5
0,herbivore_1,Herbivore,6.0,6.0,0.0,0.0,0.0,0.0,150.0,82.0,88.0,100,6,9,5,5,5
0,herbivore_2,Herbivore,6.0,6.0,0.0,0.0,0.0,0.0,150.0,82.0,88.0,100,6,9,5,5,5
0,herbivore_3,Herbivore,6.0,6.0,0.0,0.0,0.0,0.0,100.0,82.0,88.0,100,6,9,5,5,5
0,herbivore_4,Herbivore,6.0,6.0,0.0,0.0,0.0,0.0,141.0,82.0,88.0,100,6,9,5,5,5
0,herbivore_5,Herbivore,7.2,6.0,0.0,0.0,6.0,0.0,150.0,82.0,88.0,92.0,6,9,5,5,5
0,herbivore_6,Herbivore,7.2,6.0,0.0,0.0,6.0,0.0,150.0,82.0,88.0,92.0,6,9,5,5,5
0,herbivore_7,Herbivore,6.2,6.0,0.0,0.0,1.0,0.0,150.0,82.0,88.0,100,6,9,5,5,5
0,herbivore_8,Herbivore,6.2,6.0,0.0,0.0,1.0,0.0,150.0,82.0,88.0,100,6,9,5,5,5
0,herbivore_9,Herbivore,6.0,6.0,0.0,0.0,0.0,0.0,150.0,82.0,88.0,100,6,9,5,5,5
0,herbivore_10,Herbivore,6.0,6.0,0.0,0.0,0.0,0.0,100.0,82.0,88.0,100,6,9,5,5,5
0,herbivore_11,Herbivore,6.2,6.0,0.0,0.0,1.0,0.0,150.0,82.0,88.0,100,6,9,5,5,5
0,herbivore_12,Herbivore,6.0,6.0,0.0,0.0,0.0,0.0,150.0,82.0,88.0,100,6,9,5,5,5
0,herbivore_13,Herbivore,6.4,6.0,0.0,0.0,2.0,0.0,100.0,82.0,88.0,100,6,9,5,5,5
0,carnivore_0,Carnivore,6.0,6.0,0.0,0.0,0.0,0.0,150.0,82.0,88.0,100,9,6,5,5,5
0,carnivore_1,Carnivore,6.4,6.0,0.0,0.0,2.0,0.0,100.0,82.0,88.0,95.0,9,6,5,5,5
0,carnivore_2,Carnivore,6.2,6.0,0.0,0.0,1.0,0.0,150.0,82.0,88.0,97.0,9,6,5,5,5
0,carnivore_3,Carnivore,6.0,6.0,0.0,0.0,0.0,0.0,100.0,82.0,88.0,100,9,6,5,5,5
0,omnivore_0,Omnivore,7.0,6.0,0.0,0.0,5.0,0.0,183.0,82.0,88.0,97.0,6,5,5,9,5
0,omnivore_1,Omnivore,7.2,6.0,0.0,0.0,6.0,0.0,190.0,82.0,88.0,92.0,6,5,5,9,5
0,omnivore_2,Omnivore,6.4,6.0,0.0,0.0,2.0,0.0,190.0,82.0,88.0,100,6,5,5,9,5
0,omnivore_3,Omnivore,6.0,6.0,0.0,0.0,0.0,0.0,190.0,82.0,88.0,100,6,5,5,9,5
0,omnivore_4,Omnivore,7.0,6.0,0.0,0.0,5.0,0.0,100.0,82.0,88.0,100.0,6,5,5,9,5
0,omnivore_5,Omnivore,6.4,6.0,0.0,0.0,2.0,0.0,100.0,82.0,88.0,100,6,5,5,9,5
1,elite_0_herbivore_5,Herbivore,7.0,7.0,0.0,0.0,0.0,0.0,140.0,79.0,86.0,120.0,6,7,5,4,4
1,elite_1_herbivore_6,Herbivore,7.4,7.0,0.0,0.0,2.0,0.0,100.0,79.0,86.0,100.0,4,8,6,4,6
1,child_2,Omnivore,8.4,7.0,0.0,0.0,7.0,0.0,190.0,79.0,86.0,110.0,6,6,4,9,6
1,child_3,Omnivore,7.2,7.0,0.0,0.0,1.0,0.0,180.0,79.0,86.0,135.0,4,4,4,8,4
1,child_4,Omnivore,8.4,7.0,0.0,0.0,7.0,0.0,170.0,79.0,86.0,100.0,5,5,5,7,4
1,child_5,Omnivore,8.4,7.0,0.0,0.0,7.0,0.0,190.0,79.0,86.0,110.0,6,4,6,9,5
1,child_6,Herbivore,7.4,7.0,0.0,0.0,2.0,0.0,100.0,79.0,86.0,100.0,6,8,4,4,6
1,child_7,Herbivore,8.4,7.0,0.0,0.0,7.0,0.0,140.0,79.0,86.0,89.0,5,8,5,4,6
1,child_8,Herbivore,8.2,7.0,0.0,0.0,6.0,0.0,150.0,79.0,86.0,95.0,6,7,6,5,5
1,child_9,Omnivore,8.2,7.0,0.0,0.0,6.0,0.0,190.0,79.0,86.0,115.0,4,5,4,9,6
1,child_10,Herbivore,7.6,7.0,0.0,0.0,3.0,0.0,150.0,79.0,86.0,110.0,6,7,6,5,4
1,child_11,Herbivore,7.2,7.0,0.0,0.0,1.0,0.0,100.0,79.0,86.0,100.0,4,9,5,5,6
1,child_12,Omnivore,8.2,7.0,0.0,0.0,6.0,0.0,170.0,79.0,86.0,105.0,5,5,5,7,5
1,child_13,Carnivore,8.4,7.0,0.0,0.0,7.0,0.0,140.0,79.0,86.0,89.0,7,4,4,4,6
1,child_14,Omnivore,8.4,7.0,0.0,0.0,7.0,0.0,190.0,79.0,86.0,110.0,4,5,4,9,5
1,child_15,Herbivore,8.4,7.0,0.0,0.0,7.0,0.0,160.0,79.0,86.0,95.0,6,9,4,6,5
1,child_16,Herbivore,7.0,7.0,0.0,0.0,0.0,0.0,100.0,79.0,86.0,100.0,4,7,5,6,5
1,child_17,Herbivore,8.4,7.0,0.0,0.0,7.0,0.0,140.0,79.0,86.0,89.0,5,8,4,4,5
1,child_18,Herbivore,7.2,7.0,0.0,0.0,1.0,0.0,100.0,79.0,86.0,100.0,6,9,6,5,6
1,child_19,Omnivore,7.0,7.0,0.0,0.0,0.0,0.0,180.0,79.0,86.0,140.0,4,5,4,8,6
1,child_20,Omnivore,7.0,7.0,0.0,0.0,0.0,0.0,100.0,79.0,86.0,100.0,5,6,6,8,6
1,child_21,Omnivore,8.2,7.0,0.0,0.0,6.0,0.0,100.0,79.0,86.0,80.0,6,6,4,9,6
1,child_22,Herbivore,8.4,7.0,0.0,0.0,7.0,0.0,140.0,79.0,86.0,89.0,4,9,4,4,6
1,child_23,Omnivore,8.4,7.0,0.0,0.0,7.0,0.0,178.0,79.0,86.0,110.0,5,5,6,9,5
2,elite_0_child_2,Omnivore,7.4,7.0,0.0,0.0,2.0,0.0,100.0,79.0,86.0,95.0,6,4,4,7,4
2,elite_1_child_4,Omnivore,8.0,7.0,0.0,0.0,5.0,0.0,170.0,79.0,86.0,110.0,6,4,5,7,5
2,child_2,Omnivore,7.4,7.0,0.0,0.0,2.0,0.0,100.0,79.0,86.0,100.0,4,4,4,9,4
2,child_3,Carnivore,8.0,7.0,0.0,0.0,5.0,0.0,100.0,79.0,86.0,95.0,8,6,6,4,5
2,child_4,Omnivore,8.4,7.0,0.0,0.0,7.0,0.0,180.0,79.0,86.0,105.0,6,4,5,8,6
2,child_5,Omnivore,7.0,7.0,0.0,0.0,0.0,0.0,180.0,79.0,86.0,140.0,4,6,5,8,5
2,child_6,Omnivore,8.0,7.0,0.0,0.0,5.0,0.0,180.0,79.0,86.0,115.0,6,4,5,8,6
2,child_7,Herbivore,7.2,7.0,0.0,0.0,1.0,0.0,100.0,79.0,86.0,100.0,6,8,5,6,5
2,child_8,Omnivore,8.4,7.0,0.0,0.0,7.0,0.0,180.0,79.0,86.0,105.0,5,5,6,8,4
2,child_9,Herbivore,7.8,7.0,0.0,0.0,4.0,0.0,160.0,79.0,86.0,110.0,5,8,5,6,5
2,child_10,Carnivore,8.4,7.0,0.0,0.0,7.0,0.0,140.0,79.0,86.0,89.0,9,6,4,4,6
2,child_11,Omnivore,50.75,7.0,350.0,0.0,0.0,0.0,170.0,79.0,100,121.0,4,4,5,7,6
2,child_12,Herbivore,8.0,7.0,0.0,0.0,5.0,0.0,114.0,79.0,86.0,99.0,4,9,4,4,5
2,child_13,Omnivore,8.4,7.0,0.0,0.0,7.0,0.0,170.0,79.0,86.0,100.0,4,6,6,7,5
2,child_14,Omnivore,7.6,7.0,0.0,0.0,3.0,0.0,180.0,79.0,86.0,125.0,4,4,6,8,5
2,child_15,Omnivore,8.0,7.0,0.0,0.0,5.0,0.0,160.0,79.0,86.0,110.0,4,6,4,7,4
2,child_16,Omnivore,8.4,7.0,0.0,0.0,7.0,0.0,190.0,79.0,86.0,110.0,6,6,5,9,5
2,child_17,Omnivore,7.0,7.0,0.0,0.0,0.0,0.0,170.0,79.0,86.0,135.0,5,6,5,7,6
2,child_18,Carnivore,8.4,7.0,0.0,0.0,7.0,0.0,150.0,79.0,86.0,92.0,7,4,4,5,4
2,child_19,Omnivore,7.0,7.0,0.0,0.0,0.0,0.0,100.0,79.0,86.0,100.0,6,4,5,7,4
2,child_20,Omnivore,8.0,7.0,0.0,0.0,5.0,0.0,190.0,79.0,86.0,120.0,4,5,6,9,4
2,child_21,Omnivore,7.0,7.0,0.0,0.0,0.0,0.0,170.0,79.0,86.0,135.0,6,5,5,7,6
2,child_22,Herbivore,8.4,7.0,0.0,0.0,7.0,0.0,116.0,79.0,86.0,89.0,6,8,6,4,4
2,child_23,Omnivore,7.0,7.0,0.0,0.0,0.0,0.0,180.0,79.0,86.0,140.0,5,6,6,8,5
3,elite_0_child_11,Omnivore,9.0,9.0,0.0,0.0,0.0,0.0,100.0,73.0,82.0,100.0,6,4,4,9,5
3,elite_1_child_4,Omnivore,9.8,9.0,0.0,0.0,4.0,0.0,190.0,73.0,82.0,125.0,6,4,4,9,5
3,child_2,Omnivore,9.0,9.0,0.0,0.0,0.0,0.0,170.0,73.0,82.0,135.0,6,5,4,7,6
3,child_3,Omnivore,10.6,9.0,0.0,0.0,8.0,0.0,170.0,73.0,82.0,97.0,4,5,5,7,5
3,child_4,Omnivore,10.6,9.0,0.0,0.0,8.0,0.0,190.0,73.0,82.0,105.0,4,5,6,9,5
3,child_5,Omnivore,10.8,9.0,0.0,0.0,9.0,0.0,190.0,73.0,82.0,100.0,5,5,6,9,6
3,child_6,Carnivore,10.6,9.0,0.0,0.0,8.0,0.0,150.0,73.0,82.0,92.0,8,4,5,5,5
3,child_7,Omnivore,10.8,9.0,0.0,0.0,9.0,0.0,180.0,73.0,82.0,95.0,6,4,5,8,5
3,child_8,Herbivore,10.8,9.0,0.0,0.0,9.0,0.0,140.0,73.0,82.0,89.0,5,7,5,4,6
3,child_9,Omnivore,9.8,9.0,0.0,0.0,4.0,0.0,146.0,73.0,82.0,115.0,4,4,4,7,5
3,child_10,Omnivore,10.2,9.0,0.0,0.0,6.0,0.0,190.0,73.0,82.0,115.0,4,5,6,9,6
3,child_11,Herbivore,10.8,9.0,0.0,0.0,9.0,0.0,140.0,73.0,82.0,83.0,4,7,6,4,6
3,child_12,Omnivore,10.2,9.0,0.0,0.0,6.0,0.0,190.0,73.0,82.0,115.0,4,4,4,9,4
3,child_13,Omnivore,10.8,9.0,0.0,0.0,9.0,0.0,190.0,73.0,82.0,100.0,5,6,5,9,4
3,child_14,Omnivore,10.8,9.0,0.0,0.0,9.0,0.0,170.0,73.0,82.0,92.0,6,4,4,7,5
3,child_15,Omnivore,9.0,9.0,0.0,0.0,0.0,0.0,190.0,73.0,82.0,145.0,5,5,4,9,6
3,child_16,Omnivore,9.0,9.0,0.0,0.0,0.0,0.0,190.0,73.0,82.0,145.0,4,5,5,9,6
3,child_17,Omnivore,47.1,9.0,300.0,0.0,3.0,0.0,180.0,73.0,100,113.0,6,5,6,8,5
3,child_18,Herbivore,10.8,9.0,0.0,0.0,9.0,0.0,150.0,73.0,82.0,86.0,6,8,6,5,5
3,child_19,Omnivore,15.025,9.0,45.0,0.0,2.0,0.0,180.0,82,82.0,124.0,5,5,5,8,5
3,child_20,Herbivore,9.2,9.0,0.0,0.0,1.0,0.0,160.0,73.0,82.0,125.0,5,7,4,6,4
3,child_21,Carnivore,10.8,9.0,0.0,0.0,9.0,0.0,150.0,73.0,82.0,89.0,9,5,4,5,5
3,child_22,Carnivore,10.6,9.0,0.0,0.0,8.0,0.0,100.0,73.0,82.0,89.0,7,4,6,6,6
3,child_23,Carnivore,9.0,9.0,0.0,0.0,0.0,0.0,160.0,73.0,82.0,130.0,9,6,4,6,5
4,elite_0_child_17,Omnivore,7.0,7.0,0.0,0.0,0.0,0.0,170.0,79.0,86.0,135.0,5,4,4,7,5
4,elite_1_child_19,Omnivore,7.0,7.0,0.0,0.0,0.0,0.0,170.0,79.0,86.0,135.0,6,4,4,7,4
4,child_2,Omnivore,8.4,7.0,0.0,0.0,7.0,0.0,190.0,79.0,86.0,110.0,6,6,4,9,6
4,child_3,Omnivore,8.4,7.0,0.0,0.0,7.0,0.0,170.0,79.0,86.0,100.0,5,5,5,7,4
4,child_4,Omnivore,7.0,7.0,0.0,0.0,0.0,0.0,180.0,79.0,86.0,140.0,5,5,6,8,6
4,child_5,Omnivore,8.4,7.0,0.0,0.0,7.0,0.0,190.0,79.0,86.0,110.0,5,5,4,9,5
4,child_6,Herbivore,7.2,7.0,0.0,0.0,1.0,0.0,138.0,79.0,86.0,120.0,4,7,6,5,6
4,child_7,Carnivore,7.2,7.0,0.0,0.0,1.0,0.0,160.0,79.0,86.0,125.0,9,4,5,6,5
4,child_8,Omnivore,8.4,7.0,0.0,0.0,7.0,0.0,180.0,79.0,86.0,105.0,6,5,4,8,6
4,child_9,Omnivore,7.0,7.0,0.0,0.0,0.0,0.0,60.0,79.0,86.0,100.0,5,4,4,7,6
4,child_10,Omnivore,8.4,7.0,0.0,0.0,7.0,0.0,170.0,79.0,86.0,100.0,4,5,6,7,5
4,child_11,Herbivore,8.4,7.0,0.0,0.0,7.0,0.0,160.0,79.0,86.0,95.0,4,9,4,6,6
4,child_12,Omnivore,7.2,7.0,0.0,0.0,1.0,0.0,180.0,79.0,86.0,135.0,6,6,6,8,5
4,child_13,Omnivore,7.2,7.0,0.0,0.0,1.0,0.0,8.0,79.0,86.0,130.0,4,5,6,7,6
4,child_14,Omnivore,26.55,7.0,150.0,0.0,4.0,0.0,170.0,79.0,100,109.0,4,5,6,7,5
4,child_15,Omnivore,8.4,7.0,0.0,0.0,7.0,0.0,180.0,79.0,86.0,105.0,5,6,4,8,5
4,child_16,Omnivore,8.4,7.0,0.0,0.0,7.0,0.0,170.0,79.0,86.0,100.0,5,4,6,7,4
4,child_17,Herbivore,8.4,7.0,0.0,0.0,7.0,0.0,160.0,79.0,86.0,95.0,4,9,6,6,5
4,child_18,Omnivore,9.475,7.0,15.0,0.0,3.0,0.0,170.0,82,86.0,118.0,4,6,5,7,4
4,child_19,Omnivore,8.4,7.0,0.0,0.0,7.0,0.0,180.0,79.0,86.0,105.0,6,6,5,8,6
4,child_20,Omnivore,7.0,7.0,0.0,0.0,0.0,0.0,190.0,79.0,86.0,145.0,6,4,5,9,4
4,child_21,Omnivore,7.8,7.0,0.0,0.0,4.0,0.0,170.0,79.0,86.0,115.0,4,6,6,7,6
4,child_22,Omnivore,8.4,7.0,0.0,0.0,7.0,0.0,170.0,79.0,86.0,100.0,4,4,5,7,4
4,child_23,Omnivore,7.8,7.0,0.0,0.0,4.0,0.0,190.0,79.0,86.0,125.0,6,4,5,9,6
5,elite_0_child_14,Omnivore,35.0,9.0,200.0,0.0,5.0,0.0,170.0,73.0,98,102.0,6,5,5,7,6
5,elite_1_child_18,Omnivore,9.0,9.0,0.0,0.0,0.0,0.0,190.0,73.0,82.0,145.0,4,4,5,9,5
5,child_2,Omnivore,10.8,9.0,0.0,0.0,9.0,0.0,170.0,73.0,82.0,92.0,4,6,4,7,4
5,child_3,Omnivore,10.8,9.0,0.0,0.0,9.0,0.0,190.0,73.0,82.0,100.0,5,4,6,9,6
5,child_4,Omnivore,10.8,9.0,0.0,0.0,9.0,0.0,170.0,73.0,82.0,92.0,4,5,4,7,6
5,child_5,Omnivore,10.8,9.0,0.0,0.0,9.0,0.0,180.0,73.0,82.0,95.0,6,5,5,8,4
5,child_6,Omnivore,9.0,9.0,0.0,0.0,0.0,0.0,170.0,73.0,82.0,135.0,4,5,6,7,4
5,child_7,Omnivore,9.0,9.0,0.0,0.0,0.0,0.0,94.0,73.0,82.0,145.0,5,4,6,9,6
5,child_8,Omnivore,9.4,9.0,0.0,0.0,2.0,0.0,130.0,73.0,82.0,130.0,5,6,6,8,5
5,child_9,Omnivore,9.2,9.0,0.0,0.0,1.0,0.0,170.0,73.0,82.0,130.0,6,5,4,7,4
5,child_10,Omnivore,10.8,9.0,0.0,0.0,9.0,0.0,180.0,73.0,82.0,95.0,4,4,6,8,4
5,child_11,Omnivore,9.8,9.0,0.0,0.0,4.0,0.0,180.0,73.0,82.0,120.0,5,5,5,8,5
5,child_12,Omnivore,9.4,9.0,0.0,0.0,2.0,0.0,190.0,73.0,82.0,135.0,4,6,5,9,6
5,child_13,Omnivore,9.2,9.0,0.0,0.0,1.0,0.0,100.0,73.0,82.0,100.0,4,4,5,9,6
5,child_14,Omnivore,9.4,9.0,0.0,0.0,2.0,0.0,190.0,73.0,82.0,135.0,6,6,6,9,6
5,child_15,Omnivore,10.2,9.0,0.0,0.0,6.0,0.0,100.0,73.0,82.0,83.0,4,4,5,9,4
5,child_16,Omnivore,10.2,9.0,0.0,0.0,6.0,0.0,170.0,73.0,82.0,105.0,4,4,6,7,6
5,child_17,Omnivore,10.6,9.0,0.0,0.0,8.0,0.0,190.0,73.0,82.0,105.0,6,4,4,9,4
5,child_18,Omnivore,10.8,9.0,0.0,0.0,9.0,0.0,170.0,73.0,82.0,92.0,6,6,6,7,4
5,child_19,Omnivore,59.2,9.0,400.0,0.0,1.0,0.0,190.0,73.0,98,124.0,5,5,6,9,4
5,child_20,Omnivore,10.8,9.0,0.0,0.0,9.0,0.0,190.0,73.0,82.0,100.0,5,6,5,9,5
5,child_21,Omnivore,10.2,9.0,0.0,0.0,6.0,0.0,190.0,73.0,82.0,115.0,4,5,6,9,4
5,child_22,Omnivore,9.2,9.0,0.0,0.0,1.0,0.0,190.0,73.0,82.0,140.0,5,6,5,9,5
5,child_23,Omnivore,10.8,9.0,0.0,0.0,9.0,0.0,190.0,73.0,82.0,100.0,5,5,6,9,6
6,elite_0_child_19,Omnivore,10.2,10.0,0.0,0.0,1.0,0.0,190.0,70.0,80.0,140.0,6,4,4,9,4
6,elite_1_elite_0_child_14,Omnivore,12.0,10.0,0.0,0.0,10.0,0.0,180.0,70.0,80.0,92.0,6,5,4,8,6
6,child_2,Omnivore,10.8,10.0,0.0,0.0,4.0,0.0,170.0,70.0,80.0,115.0,6,5,4,7,4
6,child_3,Omnivore,12.0,10.0,0.0,0.0,10.0,0.0,190.0,70.0,80.0,95.0,6,4,5,9,6
6,child_4,Omnivore,11.4,10.0,0.0,0.0,7.0,0.0,170.0,70.0,80.0,100.0,4,6,4,7,4
6,child_5,Omnivore,10.2,10.0,0.0,0.0,1.0,0.0,86.0,70.0,80.0,130.0,4,5,6,7,6
6,child_6,Omnivore,66.45,10.0,450.0,0.0,1.0,0.0,180.0,70.0,100,117.0,4,5,5,8,6
6,child_7,Omnivore,10.6,10.0,0.0,0.0,3.0,0.0,190.0,70.0,80.0,130.0,6,4,5,9,4
6,child_8,Omnivore,10.4,10.0,0.0,0.0,2.0,0.0,180.0,70.0,80.0,130.0,4,4,4,8,4
6,child_9,Omnivore,11.6,10.0,0.0,0.0,8.0,0.0,180.0,70.0,80.0,100.0,5,5,5,8,4
6,child_10,Omnivore,10.0,10.0,0.0,0.0,0.0,0.0,180.0,70.0,80.0,140.0,5,5,4,8,4
6,child_11,Omnivore,10.4,10.0,0.0,0.0,2.0,0.0,108.0,70.0,80.0,130.0,4,5,6,8,4
6,child_12,Omnivore,12.0,10.0,0.0,0.0,10.0,0.0,170.0,70.0,80.0,89.0,5,4,4,7,4
6,child_13,Omnivore,10.8,10.0,0.0,0.0,4.0,0.0,166.0,70.0,80.0,125.0,6,4,6,9,5
6,child_14,Omnivore,12.0,10.0,0.0,0.0,10.0,0.0,170.0,70.0,80.0,89.0,6,6,4,7,4
6,child_15,Omnivore,11.0,10.0,0.0,0.0,5.0,0.0,170.0,70.0,80.0,110.0,5,5,4,7,4
6,child_16,Omnivore,12.0,10.0,0.0,0.0,10.0,0.0,170.0,70.0,80.0,89.0,6,4,5,7,6
6,child_17,Omnivore,10.8,10.0,0.0,0.0,4.0,0.0,170.0,70.0,80.0,115.0,5,5,5,7,4
6,child_18,Omnivore,11.8,10.0,0.0,0.0,9.0,0.0,170.0,70.0,80.0,94.0,6,5,4,7,6
6,child_19,Omnivore,10.8,10.0,0.0,0.0,4.0,0.0,180.0,70.0,80.0,120.0,6,4,4,8,4
6,child_20,Omnivore,10.0,10.0,0.0,0.0,0.0,0.0,170.0,70.0,80.0,135.0,5,4,4,7,4
6,child_21,Omnivore,10.8,10.0,0.0,0.0,4.0,0.0,180.0,70.0,80.0,120.0,6,4,5,8,6
6,child_22,Omnivore,11.6,10.0,0.0,0.0,8.0,0.0,158.0,70.0,80.0,99.0,6,4,5,7,5
6,child_23,Omnivore,11.8,10.0,0.0,0.0,9.0,0.0,180.0,70.0,80.0,95.0,4,4,4,8,4
7,elite_0_child_6,Omnivore,9.4,9.0,0.0,0.0,2.0,0.0,190.0,73.0,82.0,135.0,5,5,5,9,6
7,elite_1_elite_1_elite_0_child_14,Omnivore,10.8,9.0,0.0,0.0,9.0,0.0,180.0,73.0,82.0,95.0,4,4,5,8,4
7,child_2,Omnivore,9.6,9.0,0.0,0.0,3.0,0.0,190.0,73.0,82.0,130.0,5,4,4,9,6
7,child_3,Omnivore,10.8,9.0,0.0,0.0,9.0,0.0,170.0,73.0,82.0,92.0,5,4,5,7,5
7,child_4,Omnivore,9.4,9.0,0.0,0.0,2.0,0.0,120.0,73.0,82.0,130.0,4,5,6,8,6
7,child_5,Omnivore,10.6,9.0,0.0,0.0,8.0,0.0,170.0,73.0,82.0,95.0,5,4,4,7,5
7,child_6,Omnivore,10.6,9.0,0.0,0.0,8.0,0.0,170.0,73.0,82.0,97.0,6,5,5,7,5
7,child_7,Omnivore,9.0,9.0,0.0,0.0,0.0,0.0,170.0,73.0,82.0,135.0,5,4,6,7,4
7,child_8,Omnivore,10.8,9.0,0.0,0.0,9.0,0.0,190.0,73.0,82.0,100.0,4,6,5,9,6
7,child_9,Omnivore,10.6,9.0,0.0,0.0,8.0,0.0,190.0,73.0,82.0,105.0,6,5,6,9,5
7,child_10,Omnivore,9.6,9.0,0.0,0.0,3.0,0.0,190.0,73.0,82.0,130.0,4,5,6,9,6
7,child_11,Omnivore,9.6,9.0,0.0,0.0,3.0,0.0,180.0,73.0,82.0,125.0,4,4,4,8,5
7,child_12,Omnivore,9.4,9.0,0.0,0.0,2.0,0.0,190.0,73.0,82.0,135.0,4,4,5,9,4
7,child_13,Omnivore,9.4,9.0,0.0,0.0,2.0,0.0,190.0,73.0,82.0,135.0,5,4,6,9,6
7,child_14,Omnivore,9.2,9.0,0.0,0.0,1.0,0.0,170.0,73.0,82.0,130.0,6,4,5,7,4
7,child_15,Omnivore,9.6,9.0,0.0,0.0,3.0,0.0,190.0,73.0,82.0,130.0,4,5,6,9,5
7,child_16,Omnivore,9.4,9.0,0.0,0.0,2.0,0.0,190.0,73.0,82.0,135.0,5,5,5,9,4
7,child_17,Omnivore,9.2,9.0,0.0,0.0,1.0,0.0,180.0,73.0,82.0,135.0,4,5,6,8,5
7,child_18,Omnivore,9.4,9.0,0.0,0.0,2.0,0.0,170.0,73.0,82.0,125.0,4,6,6,7,5
7,child_19,Omnivore,9.0,9.0,0.0,0.0,0.0,0.0,100.0,73.0,82.0,100.0,5,5,5,7,6
7,child_20,Omnivore,9.0,9.0,0.0,0.0,0.0,0.0,190.0,73.0,82.0,145.0,6,4,5,9,5
7,child_21,Omnivore,10.8,9.0,0.0,0.0,9.0,0.0,178.0,73.0,82.0,100.0,4,6,4,9,5
7,child_22,Omnivore,9.8,9.0,0.0,0.0,4.0,0.0,180.0,73.0,82.0,120.0,4,6,5,8,4
7,child_23,Omnivore,10.8,9.0,0.0,0.0,9.0,0.0,170.0,73.0,82.0,92.0,6,5,4,7,4
0,herbivore_0,Herbivore,9.6,8.0,0.0,0.0,8.0,0.0,150.0,76.0,84.0,77.0,6,9,5,5,5
0,herbivore_1,Herbivore,9.4,8.0,0.0,0.0,7.0,0.0,147.0,76.0,84.0,87.0,6,9,5,5,5
0,herbivore_2,Herbivore,8.0,8.0,0.0,0.0,0.0,0.0,150.0,76.0,84.0,110.0,6,9,5,5,5
0,herbivore_3,Herbivore,8.2,8.0,0.0,0.0,1.0,0.0,100.0,76.0,84.0,100.0,6,9,5,5,5
0,herbivore_4,Herbivore,9.2,8.0,0.0,0.0,6.0,0.0,138.0,76.0,84.0,80.0,6,9,5,5,5
0,herbivore_5,Herbivore,9.2,8.0,0.0,0.0,6.0,0.0,150.0,76.0,84.0,89.0,6,9,5,5,5
0,herbivore_6,Herbivore,9.6,8.0,0.0,0.0,8.0,0.0,150.0,76.0,84.0,78.0,6,9,5,5,5
0,herbivore_7,Herbivore,8.0,8.0,0.0,0.0,0.0,0.0,150.0,76.0,84.0,114.0,6,9,5,5,5
0,herbivore_8,Herbivore,9.6,8.0,0.0,0.0,8.0,0.0,150.0,76.0,84.0,76.0,6,9,5,5,5
0,herbivore_9,Herbivore,8.0,8.0,0.0,0.0,0.0,0.0,150.0,76.0,84.0,118.0,6,9,5,5,5
0,herbivore_10,Herbivore,9.2,8.0,0.0,0.0,6.0,0.0,150.0,76.0,84.0,87.0,6,9,5,5,5
0,herbivore_11,Herbivore,9.4,8.0,0.0,0.0,7.0,0.0,150.0,76.0,84.0,90.0,6,9,5,5,5
0,herbivore_12,Herbivore,51.95,8.0,350.0,0.0,1.0,0.0,150.0,76.0,100,98.0,6,9,5,5,5
0,herbivore_13,Herbivore,8.0,8.0,0.0,0.0,0.0,0.0,150.0,76.0,84.0,119.0,6,9,5,5,5
0,carnivore_0,Carnivore,8.4,8.0,0.0,0.0,2.0,0.0,100.0,76.0,84.0,100.0,9,6,5,5,5
0,carnivore_1,Carnivore,8.0,8.0,0.0,0.0,0.0,0.0,150.0,76.0,84.0,112.0,9,6,5,5,5
0,carnivore_2,Carnivore,8.8,8.0,0.0,0.0,4.0,0.0,144.0,76.0,84.0,100,9,6,5,5,5
0,carnivore_3,Carnivore,9.6,8.0,0.0,0.0,8.0,0.0,150.0,76.0,84.0,79.0,9,6,5,5,5
0,omnivore_0,Omnivore,10.9,8.0,20.0,0.0,2.0,0.0,190.0,96.0,84.0,118.0,6,5,5,9,5
0,omnivore_1,Omnivore,8.0,8.0,0.0,0.0,0.0,0.0,190.0,76.0,84.0,132.0,6,5,5,9,5
0,omnivore_2,Omnivore,10.7,8.0,20.0,0.0,1.0,0.0,190.0,96.0,84.0,126.0,6,5,5,9,5
0,omnivore_3,Omnivore,8.0,8.0,0.0,0.0,0.0,0.0,190.0,76.0,84.0,137.0,6,5,5,9,5
0,omnivore_4,Omnivore,8.0,8.0,0.0,0.0,0.0,0.0,190.0,76.0,84.0,122.0,6,5,5,9,5
0,omnivore_5,Omnivore,8.0,8.0,0.0,0.0,0.0,0.0,100.0,76.0,84.0,100.0,6,5,5,9,5
1,elite_0_herbivore_12,Herbivore,7.0,7.0,0.0,0.0,0.0,0.0,150.0,79.0,86.0,125.0,5,7,5,5,6
1,elite_1_omnivore_0,Omnivore,7.0,7.0,0.0,0.0,0.0,0.0,180.0,79.0,86.0,74.0,5,6,5,8,5
1,child_2,Herbivore,8.4,7.0,0.0,0.0,7.0,0.0,160.0,79.0,86.0,95.0,4,9,5,6,5
1,child_3,Herbivore,8.4,7.0,0.0,0.0,7.0,0.0,140.0,79.0,86.0,89.0,5,9,5,4,5
1,child_4,Herbivore,7.8,7.0,0.0,0.0,4.0,0.0,140.0,79.0,86.0,100.0,4,8,5,4,4
1,child_5,Omnivore,7.0,7.0,0.0,0.0,0.0,0.0,168.0,79.0,86.0,140.0,4,6,6,8,5
1,child_6,Herbivore,7.4,7.0,0.0,0.0,2.0,0.0,136.0,79.0,86.0,101.0,6,7,5,4,5
1,child_7,Herbivore,7.4,7.0,0.0,0.0,2.0,0.0,160.0,79.0,86.0,120.0,5,7,6,6,5
1,child_8,Herbivore,14.9,7.0,60.0,0.0,2.0,0.0,150.0,91,86.0,111.0,5,7,5,5,5
1,child_9,Herbivore,7.2,7.0,0.0,0.0,1.0,0.0,147.0,79.0,86.0,113.0,4,7,6,5,4
1,child_10,Herbivore,8.2,7.0,0.0,0.0,6.0,0.0,150.0,79.0,86.0,97.0,6,8,4,5,5
1,child_11,Omnivore,8.4,7.0,0.0,0.0,7.0,0.0,190.0,79.0,86.0,110.0,6,5,6,9,5
1,child_12,Omnivore,7.0,7.0,0.0,0.0,0.0,0.0,170.0,79.0,86.0,135.0,6,6,5,7,5
1,child_13,Herbivore,7.0,7.0,0.0,0.0,0.0,0.0,100.0,79.0,86.0,100.0,6,8,6,5,5
1,child_14,Omnivore,7.0,7.0,0.0,0.0,0.0,0.0,172.0,79.0,86.0,135.0,6,6,6,8,4
1,child_15,Omnivore,7.0,7.0,0.0,0.0,0.0,0.0,183.0,79.0,86.0,133.0,4,4,4,9,6
1,child_16,Herbivore,7.4,7.0,0.0,0.0,2.0,0.0,140.0,79.0,86.0,110.0,4,8,5,4,5
1,child_17,Omnivore,7.6,7.0,0.0,0.0,3.0,0.0,190.0,79.0,86.0,130.0,4,6,4,9,6
1,child_18,Herbivore,8.4,7.0,0.0,0.0,7.0,0.0,136.0,79.0,86.0,79.0,6,8,6,4,6
1,child_19,Carnivore,57.2,7.0,0.0,1.0,1.0,0.0,140.0,79.0,86.0,115.0,7,4,4,4,5
1,child_20,Herbivore,8.4,7.0,0.0,0.0,7.0,0.0,152.0,79.0,86.0,91.0,6,9,5,6,5
1,child_21,Herbivore,7.0,7.0,0.0,0.0,0.0,0.0,100.0,79.0,86.0,100.0,4,9,4,4,5
1,child_23,Omnivore,8.4,7.0,0.0,0.0,7.0,0.0,163.0,79.0,86.0,92.0,4,5,5,7,4
1,child_22,Herbivore,7.0,7.0,0.0,0.0,0.0,0.0,0.0,79.0,86.0,120.0,4,8,4,4,5
2,elite_0_child_19,Carnivore,10.0,10.0,0.0,0.0,0.0,0.0,160.0,70.0,80.0,130.0,8,5,5,6,6
2,elite_1_child_8,Herbivore,10.0,10.0,0.0,0.0,0.0,0.0,126.0,70.0,80.0,125.0,6,9,5,5,6
2,child_2,Omnivore,10.2,10.0,0.0,0.0,1.0,0.0,190.0,70.0,80.0,140.0,5,4,4,9,5
2,child_3,Herbivore,11.6,10.0,0.0,0.0,8.0,0.0,160.0,70.0,80.0,92.0,4,7,6,6,5
2,child_4,Omnivore,12.0,10.0,0.0,0.0,10.0,0.0,190.0,70.0,80.0,95.0,6,5,5,9,4
2,child_5,Carnivore,11.6,10.0,0.0,0.0,8.0,0.0,140.0,70.0,80.0,90.0,8,5,4,4,5
2,child_6,Carnivore,10.0,10.0,0.0,0.0,0.0,0.0,160.0,70.0,80.0,130.0,9,6,4,6,5
2,child_7,Omnivore,11.8,10.0,0.0,0.0,9.0,0.0,170.0,70.0,80.0,92.0,5,6,6,7,4
2,child_8,Omnivore,10.2,10.0,0.0,0.0,1.0,0.0,190.0,70.0,80.0,140.0,5,6,4,9,6
2,child_9,Herbivore,11.2,10.0,0.0,0.0,6.0,0.0,160.0,70.0,80.0,100.0,5,8,4,6,4
2,child_10,Herbivore,10.2,10.0,0.0,0.0,1.0,0.0,140.0,70.0,80.0,115.0,5,8,4,4,6
2,child_11,Herbivore,10.0,10.0,0.0,0.0,0.0,0.0,150.0,70.0,80.0,125.0,5,8,6,5,4
2,child_12,Herbivore,10.0,10.0,0.0,0.0,0.0,0.0,60.0,70.0,80.0,125.0,4,9,6,5,5
2,child_13,Carnivore,11.6,10.0,0.0,0.0,8.0,0.0,140.0,70.0,80.0,86.0,7,5,4,4,4
2,child_14,Omnivore,12.0,10.0,0.0,0.0,10.0,0.0,180.0,70.0,80.0,92.0,5,5,5,8,6
2,child_15,Carnivore,11.4,10.0,0.0,0.0,7.0,0.0,140.0,70.0,80.0,95.0,7,5,4,4,5
2,child_16,Herbivore,10.8,10.0,0.0,0.0,4.0,0.0,140.0,70.0,80.0,100.0,5,7,6,4,6
2,child_17,Herbivore,11.6,10.0,0.0,0.0,8.0,0.0,100.0,70.0,80.0,100.0,4,9,5,5,4
2,child_18,Herbivore,12.0,10.0,0.0,0.0,10.0,0.0,160.0,70.0,80.0,86.0,4,7,6,6,5
2,child_19,Herbivore,10.0,10.0,0.0,0.0,0.0,0.0,160.0,70.0,80.0,130.0,6,9,6,6,4
2,child_20,Omnivore,12.0,10.0,0.0,0.0,10.0,0.0,190.0,70.0,80.0,95.0,5,4,6,9,4
2,child_21,Herbivore,21.25,10.0,90.0,0.0,0.0,0.0,150.0,79,80.0,119.0,6,8,5,5,5
2,child_22,Carnivore,12.0,10.0,0.0,0.0,10.0,0.0,160.0,70.0,80.0,86.0,7,4,5,6,5
2,child_23,Omnivore,12.0,10.0,0.0,0.0,10.0,0.0,170.0,70.0,80.0,92.0,4,5,5,8,6
3,elite_0_child_21,Herbivore,7.0,7.0,0.0,0.0,0.0,0.0,150.0,79.0,86.0,125.0,6,7,6,5,4
3,elite_1_child_4,Omnivore,8.4,7.0,0.0,0.0,7.0,0.0,190.0,79.0,86.0,110.0,5,5,5,9,5
3,child_2,Carnivore,8.4,7.0,0.0,0.0,7.0,0.0,150.0,79.0,86.0,92.0,7,4,6,5,5
3,child_3,Omnivore,7.8,7.0,0.0,0.0,4.0,0.0,190.0,79.0,86.0,125.0,6,6,6,9,6
3,child_4,Herbivore,8.4,7.0,0.0,0.0,7.0,0.0,160.0,79.0,86.0,95.0,4,7,5,6,4
3,child_5,Omnivore,7.0,7.0,0.0,0.0,0.0,0.0,170.0,79.0,86.0,135.0,6,5,4,7,5
3,child_6,Herbivore,8.4,7.0,0.0,0.0,7.0,0.0,140.0,79.0,86.0,89.0,5,8,4,4,6
3,child_7,Herbivore,8.0,7.0,0.0,0.0,5.0,0.0,140.0,79.0,86.0,99.0,5,7,5,4,5
3,child_8,Omnivore,8.4,7.0,0.0,0.0,7.0,0.0,170.0,79.0,86.0,100.0,4,5,4,7,5
3,child_9,Omnivore,7.4,7.0,0.0,0.0,2.0,0.0,170.0,79.0,86.0,125.0,5,6,5,7,4
3,child_10,Carnivore,8.2,7.0,0.0,0.0,6.0,0.0,150.0,79.0,86.0,95.0,9,5,4,5,6
3,child_11,Herbivore,7.0,7.0,0.0,0.0,0.0,0.0,140.0,79.0,86.0,120.0,4,9,4,4,4
3,child_12,Omnivore,7.4,7.0,0.0,0.0,2.0,0.0,144.0,79.0,86.0,130.0,5,5,4,8,4
3,child_13,Omnivore,8.4,7.0,0.0,0.0,7.0,0.0,180.0,79.0,86.0,105.0,4,5,5,8,4
3,child_14,Herbivore,8.4,7.0,0.0,0.0,7.0,0.0,160.0,79.0,86.0,95.0,4,7,4,6,6
3,child_15,Omnivore,7.0,7.0,0.0,0.0,0.0,0.0,180.0,79.0,86.0,140.0,4,4,4,8,5
3,child_16,Omnivore,8.4,7.0,0.0,0.0,7.0,0.0,170.0,79.0,86.0,100.0,4,5,6,7,5
3,child_17,Omnivore,7.0,7.0,0.0,0.0,0.0,0.0,190.0,79.0,86.0,145.0,5,5,5,9,5
3,child_18,Carnivore,7.0,7.0,0.0,0.0,0.0,0.0,160.0,79.0,86.0,130.0,9,4,4,6,6
3,child_19,Herbivore,8.4,7.0,0.0,0.0,7.0,0.0,160.0,79.0,86.0,95.0,6,8,4,6,4
3,child_20,Carnivore,7.2,7.0,0.0,0.0,1.0,0.0,160.0,79.0,86.0,125.0,7,6,6,6,5
3,child_21,Omnivore,8.4,7.0,0.0,0.0,7.0,0.0,180.0,79.0,86.0,105.0,5,4,5,8,6
3,child_22,Herbivore,8.2,7.0,0.0,0.0,6.0,0.0,160.0,79.0,86.0,100.0,4,7,4,6,6
3,child_23,Omnivore,8.4,7.0,0.0,0.0,7.0,0.0,170.0,79.0,86.0,100.0,6,5,4,7,5
4,elite_0_elite_1_child_4,Omnivore,8.2,8.0,0.0,0.0,1.0,0.0,190.0,76.0,84.0,140.0,6,6,6,9,5
4,elite_1_child_2,Carnivore,9.2,8.0,0.0,0.0,6.0,0.0,140.0,76.0,84.0,92.0,7,5,4,4,6
4,child_2,Omnivore,9.2,8.0,0.0,0.0,6.0,0.0,180.0,76.0,84.0,110.0,5,4,6,8,6
4,child_3,Omnivore,9.6,8.0,0.0,0.0,8.0,0.0,190.0,76.0,84.0,105.0,5,4,4,9,5
4,child_4,Carnivore,9.6,8.0,0.0,0.0,8.0,0.0,150.0,76.0,84.0,89.0,7,4,6,5,4
4,child_5,Herbivore,9.6,8.0,0.0,0.0,8.0,0.0,160.0,76.0,84.0,92.0,6,8,6,6,5
4,child_6,Omnivore,9.6,8.0,0.0,0.0,8.0,0.0,149.0,76.0,84.0,95.0,6,6,5,7,5
4,child_7,Herbivore,9.6,8.0,0.0,0.0,8.0,0.0,160.0,76.0,84.0,92.0,4,9,4,6,6
4,child_8,Herbivore,9.4,8.0,0.0,0.0,7.0,0.0,150.0,76.0,84.0,92.0,6,9,5,5,5
4,child_9,Omnivore,9.6,8.0,0.0,0.0,8.0,0.0,180.0,76.0,84.0,100.0,5,4,4,8,4
4,child_10,Omnivore,9.6,8.0,0.0,0.0,8.0,0.0,170.0,76.0,84.0,95.0,5,4,4,7,4
4,child_11,Omnivore,9.6,8.0,0.0,0.0,8.0,0.0,180.0,76.0,84.0,100.0,4,4,5,8,6
4,child_12,Herbivore,8.6,8.0,0.0,0.0,3.0,0.0,128.0,76.0,84.0,105.0,4,9,5,4,6
4,child_13,Omnivore,8.2,8.0,0.0,0.0,1.0,0.0,86.0,76.0,84.0,130.0,6,5,6,7,5
4,child_14,Herbivore,9.6,8.0,0.0,0.0,8.0,0.0,140.0,76.0,84.0,86.0,4,7,4,4,5
4,child_15,Herbivore,9.6,8.0,0.0,0.0,8.0,0.0,140.0,76.0,84.0,86.0,6,7,5,4,6
4,child_16,Herbivore,9.6,8.0,0.0,0.0,8.0,0.0,150.0,76.0,84.0,89.0,6,8,4,5,5
4,child_17,Omnivore,9.6,8.0,0.0,0.0,8.0,0.0,170.0,76.0,84.0,100.0,4,4,5,8,5
4,child_18,Herbivore,9.6,8.0,0.0,0.0,8.0,0.0,150.0,76.0,84.0,89.0,6,8,6,5,6
4,child_19,Omnivore,9.6,8.0,0.0,0.0,8.0,0.0,170.0,76.0,84.0,95.0,6,4,5,7,6
4,child_20,Omnivore,9.6,8.0,0.0,0.0,8.0,0.0,170.0,76.0,84.0,95.0,6,5,6,7,4
4,child_21,Herbivore,9.6,8.0,0.0,0.0,8.0,0.0,160.0,76.0,84.0,92.0,6,8,6,6,5
4,child_22,Omnivore,9.6,8.0,0.0,0.0,8.0,0.0,190.0,76.0,84.0,105.0,5,6,6,9,6
4,child_23,Omnivore,9.6,8.0,0.0,0.0,8.0,0.0,180.0,76.0,84.0,100.0,5,5,5,8,4
5,elite_0_child_3,Omnivore,9.6,8.0,0.0,0.0,8.0,0.0,190.0,76.0,84.0,105.0,6,6,5,9,5
5,elite_1_child_4,Carnivore,14.2,8.0,40.0,0.0,6.0,0.0,160.0,82,84.0,98.0,8,4,5,6,4
5,child_2,Omnivore,8.8,8.0,0.0,0.0,4.0,0.0,170.0,76.0,84.0,115.0,4,5,6,7,6
5,child_3,Omnivore,8.0,8.0,0.0,0.0,0.0,0.0,180.0,76.0,84.0,140.0,4,5,4,8,4
5,child_4,Omnivore,9.0,8.0,0.0,0.0,5.0,0.0,170.0,76.0,84.0,110.0,6,5,6,7,4
5,child_5,Herbivore,8.6,8.0,0.0,0.0,3.0,0.0,140.0,76.0,84.0,105.0,4,8,5,4,6
5,child_6,Herbivore,8.0,8.0,0.0,0.0,0.0,0.0,70.0,76.0,84.0,125.0,4,7,6,5,5
5,child_7,Herbivore,8.0,8.0,0.0,0.0,0.0,0.0,150.0,76.0,84.0,125.0,5,9,4,5,5
5,child_8,Omnivore,9.6,8.0,0.0,0.0,8.0,0.0,190.0,76.0,84.0,105.0,5,4,6,9,6
5,child_9,Herbivore,8.0,8.0,0.0,0.0,0.0,0.0,44.0,76.0,84.0,120.0,4,9,4,4,6
5,child_10,Omnivore,8.0,8.0,0.0,0.0,0.0,0.0,170.0,76.0,84.0,135.0,6,5,6,7,6
5,child_11,Omnivore,9.4,8.0,0.0,0.0,7.0,0.0,180.0,76.0,84.0,105.0,6,4,4,8,6
5,child_12,Omnivore,8.0,8.0,0.0,0.0,0.0,0.0,190.0,76.0,84.0,145.0,6,5,4,9,5
5,child_13,Omnivore,8.4,8.0,0.0,0.0,2.0,0.0,190.0,76.0,84.0,135.0,5,4,5,9,5
5,child_14,Herbivore,8.6,8.0,0.0,0.0,3.0,0.0,100.0,76.0,84.0,93.0,6,8,4,6,6
5,child_15,Omnivore,9.6,8.0,0.0,0.0,8.0,0.0,180.0,76.0,84.0,100.0,4,6,5,8,6
5,child_16,Herbivore,8.0,8.0,0.0,0.0,0.0,0.0,140.0,76.0,84.0,120.0,5,9,6,4,4
5,child_17,Herbivore,8.6,8.0,0.0,0.0,3.0,0.0,138.0,76.0,84.0,110.0,4,9,5,5,4
5,child_18,Carnivore,8.0,8.0,0.0,0.0,0.0,0.0,160.0,76.0,84.0,58.0,9,4,5,6,6
5,child_19,Herbivore,9.6,8.0,0.0,0.0,8.0,0.0,150.0,76.0,84.0,89.0,4,7,4,5,5
5,child_20,Carnivore,8.8,8.0,0.0,0.0,4.0,0.0,150.0,76.0,84.0,105.0,9,6,4,5,6
5,child_21,Herbivore,9.6,8.0,0.0,0.0,8.0,0.0,113.0,76.0,84.0,86.0,5,9,6,4,4
5,child_22,Herbivore,8.2,8.0,0.0,0.0,1.0,0.0,150.0,76.0,84.0,120.0,4,7,5,5,4
5,child_23,Carnivore,9.6,8.0,0.0,0.0,8.0,0.0,150.0,76.0,84.0,89.0,7,6,6,5,4
6,elite_0_elite_1_child_4,Carnivore,12.0,10.0,0.0,0.0,10.0,0.0,160.0,70.0,80.0,86.0,7,4,4,6,5
6,elite_1_elite_0_child_3,Omnivore,10.8,10.0,0.0,0.0,4.0,0.0,170.0,70.0,80.0,115.0,6,6,6,7,5
6,child_2,Omnivore,12.0,10.0,0.0,0.0,10.0,0.0,170.0,70.0,80.0,89.0,4,6,4,7,4
6,child_3,Herbivore,17.5,10.0,60.0,0.0,0.0,0.0,96.0,76,80.0,126.0,4,9,6,6,5
6,child_4,Omnivore,10.4,10.0,0.0,0.0,2.0,0.0,169.0,70.0,80.0,135.0,6,4,4,9,6
6,child_5,Herbivore,10.6,10.0,0.0,0.0,3.0,0.0,100.0,70.0,80.0,100.0,5,9,6,4,4
6,child_6,Omnivore,12.0,10.0,0.0,0.0,10.0,0.0,190.0,70.0,80.0,95.0,4,5,6,9,5
6,child_7,Herbivore,10.0,10.0,0.0,0.0,0.0,0.0,140.0,70.0,80.0,120.0,5,8,5,4,4
6,child_8,Omnivore,11.6,10.0,0.0,0.0,8.0,0.0,170.0,70.0,80.0,99.0,4,4,5,7,6
6,child_9,Herbivore,11.0,10.0,0.0,0.0,5.0,0.0,150.0,70.0,80.0,100.0,4,8,4,5,6
6,child_10,Carnivore,10.0,10.0,0.0,0.0,0.0,0.0,150.0,70.0,80.0,125.0,9,6,5,5,6
6,child_11,Herbivore,10.0,10.0,0.0,0.0,0.0,0.0,78.0,70.0,80.0,125.0,5,8,4,5,4
6,child_12,Omnivore,10.0,10.0,0.0,0.0,0.0,0.0,170.0,70.0,80.0,135.0,5,4,6,7,6
6,child_13,Omnivore,12.0,10.0,0.0,0.0,10.0,0.0,170.0,70.0,80.0,89.0,6,6,4,7,6
6,child_14,Omnivore,10.2,10.0,0.0,0.0,1.0,0.0,180.0,70.0,80.0,135.0,4,4,4,8,6
6,child_15,Omnivore,11.6,10.0,0.0,0.0,8.0,0.0,180.0,70.0,80.0,100.0,6,4,6,8,5
6,child_16,Herbivore,10.0,10.0,0.0,0.0,0.0,0.0,160.0,70.0,80.0,130.0,4,9,6,6,6
6,child_17,Omnivore,12.0,10.0,0.0,0.0,10.0,0.0,180.0,70.0,80.0,92.0,4,6,5,8,4
6,child_18,Carnivore,10.0,10.0,0.0,0.0,0.0,0.0,160.0,70.0,80.0,130.0,9,6,4,6,4
6,child_19,Carnivore,16.6,10.0,40.0,0.0,8.0,0.0,160.0,97,80.0,94.0,9,4,5,6,4
6,child_20,Carnivore,11.8,10.0,0.0,0.0,9.0,0.0,140.0,70.0,80.0,85.0,9,6,5,4,6
6,child_21,Omnivore,10.6,10.0,0.0,0.0,3.0,0.0,190.0,70.0,80.0,130.0,6,4,4,9,6
6,child_22,Carnivore,10.0,10.0,0.0,0.0,0.0,0.0,100.0,70.0,80.0,130.0,7,4,4,6,6
6,child_23,Carnivore,10.4,10.0,0.0,0.0,2.0,0.0,126.0,70.0,80.0,115.0,7,6,5,5,4
7,elite_0_child_3,Herbivore,7.0,7.0,0.0,0.0,0.0,0.0,160.0,79.0,86.0,130.0,4,8,5,6,5
7,elite_1_child_19,Carnivore,8.4,7.0,0.0,0.0,7.0,0.0,140.0,79.0,86.0,89.0,7,4,5,4,5
7,child_2,Omnivore,8.4,7.0,0.0,0.0,7.0,0.0,180.0,79.0,86.0,105.0,6,5,5,8,4
7,child_3,Omnivore,8.4,7.0,0.0,0.0,7.0,0.0,190.0,79.0,86.0,110.0,4,5,5,9,6
7,child_4,Omnivore,8.4,7.0,0.0,0.0,7.0,0.0,180.0,79.0,86.0,105.0,4,6,6,8,4
7,child_5,Carnivore,7.0,7.0,0.0,0.0,0.0,0.0,160.0,79.0,86.0,130.0,7,5,4,6,6
7,child_6,Carnivore,8.4,7.0,0.0,0.0,7.0,0.0,160.0,79.0,86.0,95.0,8,5,6,6,5
7,child_7,Omnivore,8.4,7.0,0.0,0.0,7.0,0.0,180.0,79.0,86.0,105.0,4,4,4,8,4
7,child_8,Omnivore,7.0,7.0,0.0,0.0,0.0,0.0,170.0,79.0,86.0,135.0,6,6,5,7,5
7,child_9,Omnivore,11.55,7.0,30.0,0.0,4.0,0.0,170.0,97,86.0,111.0,5,5,5,7,4
7,child_10,Carnivore,7.2,7.0,0.0,0.0,1.0,0.0,160.0,79.0,86.0,125.0,9,4,6,6,5
7,child_11,Herbivore,14.5,7.0,60.0,0.0,0.0,0.0,150.0,85,86.0,121.0,4,9,5,5,6
7,child_12,Omnivore,12.625,7.0,45.0,0.0,0.0,0.0,170.0,88,86.0,129.0,4,4,6,7,5
7,child_13,Carnivore,8.4,7.0,0.0,0.0,7.0,0.0,140.0,79.0,86.0,89.0,7,4,4,4,5
7,child_14,Omnivore,8.4,7.0,0.0,0.0,7.0,0.0,190.0,79.0,86.0,110.0,4,5,5,9,6
7,child_15,Herbivore,8.4,7.0,0.0,0.0,7.0,0.0,140.0,79.0,86.0,89.0,4,7,5,4,4
7,child_16,Omnivore,8.4,7.0,0.0,0.0,7.0,0.0,180.0,79.0,86.0,105.0,5,6,4,8,6
7,child_17,Carnivore,7.0,7.0,0.0,0.0,0.0,0.0,140.0,79.0,86.0,120.0,7,4,4,4,5
7,child_18,Omnivore,8.4,7.0,0.0,0.0,7.0,0.0,170.0,79.0,86.0,100.0,4,5,5,7,4
7,child_19,Herbivore,8.4,7.0,0.0,0.0,7.0,0.0,150.0,79.0,86.0,92.0,6,8,5,5,4
7,child_20,Herbivore,8.4,7.0,0.0,0.0,7.0,0.0,140.0,79.0,86.0,89.0,6,9,6,4,5
7,child_21,Carnivore,7.2,7.0,0.0,0.0,1.0,0.0,150.0,79.0,86.0,120.0,7,6,6,5,4
7,child_22,Carnivore,13.2,7.0,40.0,0.0,6.0,0.0,150.0,82,86.0,95.0,8,6,5,5,6
7,child_23,Carnivore,8.4,7.0,0.0,0.0,7.0,0.0,150.0,79.0,86.0,92.0,7,6,6,5,6
0,herbivore_0,Herbivore,10.6,9.0,0.0,0.0,8.0,0.0,147.0,73.0,82.0,91.0,6,9,5,5,5
0,herbivore_1,Herbivore,9.0,9.0,0.0,0.0,0.0,0.0,150.0,73.0,82.0,125.0,6,9,5,5,5
0,herbivore_2,Herbivore,9.0,9.0,0.0,0.0,0.0,0.0,100.0,73.0,82.0,100.0,6,9,5,5,5
0,herbivore_3,Herbivore,9.0,9.0,0.0,0.0,0.0,0.0,150.0,73.0,82.0,115.0,6,9,5,5,5
0,herbivore_4,Herbivore,9.4,9.0,0.0,0.0,2.0,0.0,150.0,73.0,82.0,115.0,6,9,5,5,5
0,herbivore_5,Herbivore,9.0,9.0,0.0,0.0,0.0,0.0,150.0,73.0,82.0,115.0,6,9,5,5,5
0,herbivore_6,Herbivore,9.0,9.0,0.0,0.0,0.0,0.0,150.0,73.0,82.0,125.0,6,9,5,5,5
0,herbivore_7,Herbivore,20.25,9.0,90.0,0.0,0.0,0.0,150.0,82,82.0,119.0,6,9,5,5,5
0,herbivore_8,Herbivore,9.0,9.0,0.0,0.0,0.0,0.0,150.0,73.0,82.0,125.0,6,9,5,5,5
0,herbivore_9,Herbivore,9.8,9.0,0.0,0.0,4.0,0.0,150.0,73.0,82.0,105.0,6,9,5,5,5
0,herbivore_11,Herbivore,9.4,9.0,0.0,0.0,2.0,0.0,100.0,73.0,82.0,100.0,6,9,5,5,5
0,herbivore_12,Herbivore,10.8,9.0,0.0,0.0,9.0,0.0,150.0,73.0,82.0,86.0,6,9,5,5,5
0,herbivore_13,Herbivore,9.0,9.0,0.0,0.0,0.0,0.0,150.0,73.0,82.0,125.0,6,9,5,5,5
0,carnivore_0,Carnivore,9.0,9.0,0.0,0.0,0.0,0.0,150.0,73.0,82.0,125.0,9,6,5,5,5
0,carnivore_1,Carnivore,10.8,9.0,0.0,0.0,9.0,0.0,150.0,73.0,82.0,86.0,9,6,5,5,5
0,carnivore_2,Carnivore,9.8,9.0,0.0,0.0,4.0,0.0,100.0,73.0,82.0,100.0,9,6,5,5,5
0,carnivore_3,Carnivore,59.8,9.0,0.0,1.0,4.0,0.0,150.0,73.0,82.0,105.0,9,6,5,5,5
0,omnivore_0,Omnivore,9.0,9.0,0.0,0.0,0.0,0.0,190.0,73.0,82.0,145.0,6,5,5,9,5
0,omnivore_1,Omnivore,9.2,9.0,0.0,0.0,1.0,0.0,190.0,73.0,82.0,140.0,6,5,5,9,5
0,omnivore_2,Omnivore,9.0,9.0,0.0,0.0,0.0,0.0,190.0,73.0,82.0,95.0,6,5,5,9,5
0,omnivore_3,Omnivore,9.0,9.0,0.0,0.0,0.0,0.0,100.0,73.0,82.0,100.0,6,5,5,9,5
0,omnivore_4,Omnivore,10.8,9.0,0.0,0.0,9.0,0.0,176.0,73.0,82.0,100.0,6,5,5,9,5
0,omnivore_5,Omnivore,59.2,9.0,400.0,0.0,1.0,0.0,190.0,73.0,100,124.0,6,5,5,9,5
0,herbivore_10,Herbivore,6.0,6.0,0.0,0.0,0.0,0.0,0.0,82.0,88.0,125.0,6,9,5,5,5
1,elite_0_carnivore_3,Carnivore,6.2,6.0,0.0,0.0,1.0,0.0,134.0,82.0,88.0,100,9,5,4,4,5
1,elite_1_omnivore_5,Omnivore,43.5,6.0,300.0,0.0,0.0,0.0,190.0,82.0,100,98.0,4,6,5,9,4
1,child_2,Omnivore,6.4,6.0,0.0,0.0,2.0,0.0,100.0,82.0,88.0,100,5,5,6,7,6
1,child_3,Herbivore,6.8,6.0,0.0,0.0,4.0,0.0,113.0,82.0,88.0,97.0,6,8,5,4,4
1,child_4,Carnivore,6.0,6.0,0.0,0.0,0.0,0.0,150.0,82.0,88.0,100,7,5,6,5,6
1,child_5,Omnivore,7.2,6.0,0.0,0.0,6.0,0.0,190.0,82.0,88.0,92.0,5,4,5,9,6
1,child_6,Omnivore,6.2,6.0,0.0,0.0,1.0,0.0,113.0,82.0,88.0,95.0,5,5,6,7,4
1,child_7,Carnivore,7.0,6.0,0.0,0.0,5.0,0.0,140.0,82.0,88.0,97.0,9,6,6,4,4
1,child_8,Omnivore,6.2,6.0,0.0,0.0,1.0,0.0,100.0,82.0,88.0,100,4,6,4,9,4
1,child_9,Herbivore,7.2,6.0,0.0,0.0,6.0,0.0,150.0,82.0,88.0,92.0,6,8,4,5,6
1,child_10,Carnivore,7.2,6.0,0.0,0.0,6.0,0.0,140.0,82.0,88.0,92.0,7,6,5,4,6
1,child_11,Omnivore,7.2,6.0,0.0,0.0,6.0,0.0,180.0,82.0,88.0,92.0,6,4,6,8,4
1,child_12,Carnivore,6.0,6.0,0.0,0.0,0.0,0.0,140.0,82.0,88.0,100,7,6,5,4,6
1,child_13,Herbivore,17.25,6.0,90.0,0.0,0.0,0.0,160.0,91,88.0,100,4,8,6,6,4
1,child_14,Carnivore,6.2,6.0,0.0,0.0,1.0,0.0,150.0,82.0,88.0,100,9,5,5,5,6
1,child_15,Herbivore,6.4,6.0,0.0,0.0,2.0,0.0,140.0,82.0,88.0,100,5,9,4,4,6
1,child_16,Carnivore,6.6,6.0,0.0,0.0,3.0,0.0,160.0,82.0,88.0,97.0,9,4,6,6,5
1,child_17,Omnivore,8.5,6.0,20.0,0.0,0.0,0.0,170.0,85,88.0,100,4,4,5,7,6
1,child_18,Carnivore,7.2,6.0,0.0,0.0,6.0,0.0,160.0,82.0,88.0,92.0,7,6,6,6,4
1,child_19,Herbivore,7.0,6.0,0.0,0.0,5.0,0.0,160.0,82.0,88.0,97.0,5,7,4,6,4
1,child_20,Herbivore,7.2,6.0,0.0,0.0,6.0,0.0,130.0,82.0,88.0,92.0,4,7,4,4,5
1,child_21,Carnivore,6.2,6.0,0.0,0.0,1.0,0.0,150.0,82.0,88.0,97.0,9,5,4,5,6
1,child_22,Omnivore,6.0,6.0,0.0,0.0,0.0,0.0,100.0,82.0,88.0,100,5,6,6,8,6
1,child_23,Carnivore,7.2,6.0,0.0,0.0,6.0,0.0,140.0,82.0,88.0,92.0,9,6,4,4,6
2,elite_0_elite_1_omnivore_5,Omnivore,11.4,11.0,0.0,0.0,2.0,0.0,190.0,67.0,78.0,135.0,5,6,5,9,4
2,elite_1_child_13,Herbivore,11.0,11.0,0.0,0.0,0.0,0.0,147.0,67.0,78.0,113.0,4,7,6,5,4
2,child_2,Omnivore,11.0,11.0,0.0,0.0,0.0,0.0,84.0,67.0,78.0,137.0,4,6,4,9,4
2,child_3,Omnivore,13.2,11.0,0.0,0.0,11.0,0.0,176.0,67.0,78.0,86.0,6,5,6,8,4
2,child_4,Carnivore,11.0,11.0,0.0,0.0,0.0,0.0,160.0,67.0,78.0,130.0,9,6,5,6,5
2,child_5,Herbivore,13.2,11.0,0.0,0.0,11.0,0.0,160.0,67.0,78.0,83.0,4,9,4,6,4
2,child_6,Omnivore,11.2,11.0,0.0,0.0,1.0,0.0,163.0,67.0,78.0,123.0,5,6,6,7,6
2,child_7,Herbivore,11.0,11.0,0.0,0.0,0.0,0.0,147.0,67.0,78.0,116.0,6,8,5,5,6
2,child_8,Carnivore,12.2,11.0,0.0,0.0,6.0,0.0,100.0,67.0,78.0,100.0,9,4,6,4,4
2,child_9,Herbivore,13.2,11.0,0.0,0.0,11.0,0.0,150.0,67.0,78.0,80.0,6,7,5,5,5
2,child_10,Herbivore,11.2,11.0,0.0,0.0,1.0,0.0,160.0,67.0,78.0,125.0,5,7,6,6,4
2,child_11,Omnivore,12.2,11.0,0.0,0.0,6.0,0.0,170.0,67.0,78.0,105.0,6,6,5,7,5
2,child_12,Omnivore,11.0,11.0,0.0,0.0,0.0,0.0,170.0,67.0,78.0,135.0,6,6,5,7,5
2,child_13,Herbivore,11.0,11.0,0.0,0.0,0.0,0.0,157.0,67.0,78.0,119.0,4,8,4,6,4
2,child_14,Omnivore,11.0,11.0,0.0,0.0,0.0,0.0,170.0,67.0,78.0,135.0,5,6,5,7,5
2,child_15,Carnivore,11.0,11.0,0.0,0.0,0.0,0.0,133.0,67.0,78.0,110.0,8,6,6,4,4
2,child_16,Omnivore,13.2,11.0,0.0,0.0,11.0,0.0,164.0,67.0,78.0,82.0,4,5,6,7,5
2,child_17,Herbivore,14.75,11.0,30.0,0.0,0.0,0.0,153.0,70,78.0,123.0,4,7,4,6,5
2,child_18,Carnivore,11.0,11.0,0.0,0.0,0.0,0.0,147.0,67.0,78.0,116.0,9,4,5,5,4
2,child_19,Carnivore,11.0,11.0,0.0,0.0,0.0,0.0,100.0,67.0,78.0,100.0,9,6,4,4,6
2,child_20,Omnivore,13.0,11.0,0.0,0.0,10.0,0.0,100.0,67.0,78.0,92.0,6,5,5,8,4
2,child_21,Herbivore,11.0,11.0,0.0,0.0,0.0,0.0,134.0,67.0,78.0,114.0,6,9,6,4,5
2,child_22,Omnivore,11.0,11.0,0.0,0.0,0.0,0.0,180.0,67.0,78.0,140.0,5,5,6,8,5
2,child_23,Omnivore,11.0,11.0,0.0,0.0,0.0,0.0,100.0,67.0,78.0,100.0,5,5,6,9,5
3,elite_0_child_17,Herbivore,18.25,7.0,90.0,0.0,0.0,0.0,160.0,88,86.0,124.0,5,9,4,6,5
3,elite_1_child_3,Omnivore,7.0,7.0,0.0,0.0,0.0,0.0,126.0,79.0,86.0,140.0,4,5,6,8,4
3,child_2,Herbivore,10.75,7.0,30.0,0.0,0.0,0.0,150.0,82,86.0,123.0,4,9,5,5,6
3,child_3,Omnivore,8.875,7.0,15.0,0.0,0.0,0.0,170.0,82,86.0,133.0,4,4,5,7,6
3,child_4,Herbivore,7.0,7.0,0.0,0.0,0.0,0.0,150.0,79.0,86.0,125.0,6,7,5,5,4
3,child_5,Omnivore,7.0,7.0,0.0,0.0,0.0,0.0,170.0,79.0,86.0,135.0,4,6,4,7,5
3,child_6,Omnivore,7.0,7.0,0.0,0.0,0.0,0.0,120.0,79.0,86.0,140.0,5,4,5,8,4
3,child_7,Herbivore,7.2,7.0,0.0,0.0,1.0,0.0,140.0,79.0,86.0,115.0,6,7,4,4,4
3,child_8,Omnivore,7.0,7.0,0.0,0.0,0.0,0.0,100.0,79.0,86.0,100.0,5,6,5,8,4
3,child_9,Herbivore,8.4,7.0,0.0,0.0,7.0,0.0,150.0,79.0,86.0,92.0,5,7,6,5,4
3,child_10,Omnivore,7.0,7.0,0.0,0.0,0.0,0.0,120.0,79.0,86.0,145.0,4,6,5,9,4
3,child_11,Herbivore,7.0,7.0,0.0,0.0,0.0,0.0,150.0,79.0,86.0,125.0,6,8,5,5,4
3,child_12,Omnivore,7.0,7.0,0.0,0.0,0.0,0.0,180.0,79.0,86.0,140.0,4,4,6,8,5
3,child_13,Omnivore,8.4,7.0,0.0,0.0,7.0,0.0,190.0,79.0,86.0,110.0,5,4,6,9,4
3,child_14,Herbivore,7.2,7.0,0.0,0.0,1.0,0.0,140.0,79.0,86.0,115.0,5,7,4,4,6
3,child_15,Omnivore,8.2,7.0,0.0,0.0,6.0,0.0,190.0,79.0,86.0,115.0,5,4,4,9,4
3,child_16,Omnivore,8.4,7.0,0.0,0.0,7.0,0.0,180.0,79.0,86.0,105.0,4,4,4,8,6
3,child_17,Herbivore,15.1,7.0,60.0,0.0,3.0,0.0,160.0,94,86.0,111.0,4,9,4,6,6
3,child_18,Herbivore,8.2,7.0,0.0,0.0,6.0,0.0,150.0,79.0,86.0,95.0,6,9,6,5,4
3,child_19,Omnivore,7.0,7.0,0.0,0.0,0.0,0.0,170.0,79.0,86.0,135.0,5,6,5,7,4
3,child_20,Carnivore,8.0,7.0,0.0,0.0,5.0,0.0,140.0,79.0,86.0,99.0,9,6,4,4,5
3,child_21,Omnivore,7.0,7.0,0.0,0.0,0.0,0.0,180.0,79.0,86.0,140.0,6,4,5,8,5
3,child_22,Omnivore,7.0,7.0,0.0,0.0,0.0,0.0,170.0,79.0,86.0,135.0,4,4,4,7,5
3,child_23,Herbivore,7.0,7.0,0.0,0.0,0.0,0.0,150.0,79.0,86.0,125.0,4,9,6,5,6
4,elite_0_elite_0_child_17,Herbivore,16.5,9.0,60.0,0.0,0.0,0.0,160.0,79,82.0,126.0,4,9,4,6,6
4,elite_1_child_17,Herbivore,27.95,9.0,150.0,0.0,1.0,0.0,100.0,73.0,94,100.0,4,8,6,5,6
4,child_2,Omnivore,9.0,9.0,0.0,0.0,0.0,0.0,149.0,73.0,82.0,135.0,5,4,4,7,5
4,child_3,Omnivore,9.0,9.0,0.0,0.0,0.0,0.0,180.0,73.0,82.0,140.0,6,4,5,8,4
4,child_4,Herbivore,9.0,9.0,0.0,0.0,0.0,0.0,160.0,73.0,82.0,130.0,6,7,6,6,4
4,child_5,Omnivore,10.0,9.0,0.0,0.0,5.0,0.0,170.0,73.0,82.0,110.0,6,5,6,7,5
4,child_6,Herbivore,10.8,9.0,0.0,0.0,9.0,0.0,150.0,73.0,82.0,86.0,4,8,4,5,5
4,child_7,Herbivore,9.0,9.0,0.0,0.0,0.0,0.0,140.0,73.0,82.0,120.0,4,7,4,4,5
4,child_8,Omnivore,9.0,9.0,0.0,0.0,0.0,0.0,118.0,73.0,82.0,115.0,5,5,4,9,6
4,child_9,Herbivore,10.2,9.0,0.0,0.0,6.0,0.0,140.0,73.0,82.0,94.0,4,9,4,4,6
4,child_10,Herbivore,9.0,9.0,0.0,0.0,0.0,0.0,140.0,73.0,82.0,120.0,6,8,4,4,4
4,child_11,Herbivore,9.2,9.0,0.0,0.0,1.0,0.0,160.0,73.0,82.0,125.0,4,8,6,6,6
4,child_12,Herbivore,10.8,9.0,0.0,0.0,9.0,0.0,150.0,73.0,82.0,86.0,6,9,6,5,4
4,child_13,Herbivore,10.8,9.0,0.0,0.0,9.0,0.0,140.0,73.0,82.0,83.0,6,9,4,4,6
4,child_14,Omnivore,10.8,9.0,0.0,0.0,9.0,0.0,180.0,73.0,82.0,95.0,4,4,5,8,6
4,child_15,Herbivore,16.65,9.0,50.0,0.0,7.0,0.0,136.0,73.0,98,95.0,4,9,4,6,5
4,child_16,Omnivore,10.8,9.0,0.0,0.0,9.0,0.0,190.0,73.0,82.0,100.0,5,6,6,9,5
4,child_17,Herbivore,10.0,9.0,0.0,0.0,5.0,0.0,150.0,73.0,82.0,100.0,4,7,5,5,5
4,child_18,Carnivore,9.4,9.0,0.0,0.0,2.0,0.0,160.0,73.0,82.0,110.0,9,5,4,6,6
4,child_19,Herbivore,9.0,9.0,0.0,0.0,0.0,0.0,160.0,73.0,82.0,130.0,6,9,4,6,4
4,child_20,Herbivore,20.25,9.0,90.0,0.0,0.0,0.0,140.0,82,82.0,114.0,5,7,6,4,6
4,child_21,Herbivore,9.4,9.0,0.0,0.0,2.0,0.0,100.0,73.0,82.0,92.0,5,9,4,6,6
4,child_22,Carnivore,10.2,9.0,0.0,0.0,6.0,0.0,132.0,73.0,82.0,92.0,8,6,4,4,6
4,child_23,Herbivore,12.75,9.0,30.0,0.0,0.0,0.0,76.0,97,82.0,128.0,5,9,6,6,5
5,elite_0_elite_1_child_17,Herbivore,7.0,7.0,0.0,0.0,0.0,0.0,124.0,79.0,86.0,130.0,6,9,5,6,5
5,elite_1_child_20,Herbivore,7.2,7.0,0.0,0.0,1.0,0.0,140.0,79.0,86.0,115.0,5,7,5,4,6
5,child_2,Herbivore,7.0,7.0,0.0,0.0,0.0,0.0,160.0,79.0,86.0,130.0,4,7,5,6,5
5,child_3,Herbivore,14.5,7.0,60.0,0.0,0.0,0.0,150.0,85,86.0,121.0,5,9,6,5,5
5,child_4,Herbivore,7.0,7.0,0.0,0.0,0.0,0.0,140.0,79.0,86.0,120.0,5,9,4,4,5
5,child_5,Herbivore,8.4,7.0,0.0,0.0,7.0,0.0,160.0,79.0,86.0,95.0,5,8,4,6,6
5,child_6,Omnivore,8.4,7.0,0.0,0.0,7.0,0.0,170.0,79.0,86.0,100.0,4,4,4,7,4
5,child_7,Herbivore,7.0,7.0,0.0,0.0,0.0,0.0,56.0,79.0,86.0,120.0,4,8,4,4,6
5,child_8,Herbivore,7.0,7.0,0.0,0.0,0.0,0.0,80.0,79.0,86.0,120.0,6,9,4,4,5
5,child_9,Herbivore,8.4,7.0,0.0,0.0,7.0,0.0,140.0,79.0,86.0,89.0,6,8,6,4,5
5,child_10,Herbivore,10.75,7.0,30.0,0.0,0.0,0.0,150.0,82,86.0,123.0,5,8,4,5,4
5,child_11,Carnivore,7.6,7.0,0.0,0.0,3.0,0.0,150.0,79.0,86.0,110.0,7,4,5,5,4
5,child_12,Herbivore,7.4,7.0,0.0,0.0,2.0,0.0,160.0,79.0,86.0,120.0,4,8,4,6,6
5,child_13,Omnivore,7.8,7.0,0.0,0.0,4.0,0.0,170.0,79.0,86.0,115.0,5,6,6,7,5
5,child_14,Herbivore,7.0,7.0,0.0,0.0,0.0,0.0,140.0,79.0,86.0,120.0,5,9,5,4,5
5,child_15,Herbivore,7.4,7.0,0.0,0.0,2.0,0.0,150.0,79.0,86.0,115.0,6,7,6,5,5
5,child_16,Herbivore,7.4,7.0,0.0,0.0,2.0,0.0,160.0,79.0,86.0,120.0,6,8,6,6,6
5,child_17,Herbivore,7.8,7.0,0.0,0.0,4.0,0.0,130.0,79.0,86.0,110.0,4,7,4,6,6
5,child_18,Herbivore,7.0,7.0,0.0,0.0,0.0,0.0,150.0,79.0,86.0,125.0,4,9,6,5,6
5,child_19,Herbivore,8.0,7.0,0.0,0.0,5.0,0.0,126.0,79.0,86.0,100.0,4,9,5,5,6
5,child_20,Herbivore,14.5,7.0,60.0,0.0,0.0,0.0,150.0,85,86.0,121.0,6,8,4,5,4
5,child_21,Herbivore,7.8,7.0,0.0,0.0,4.0,0.0,140.0,79.0,86.0,100.0,4,9,6,4,5
5,child_22,Herbivore,7.8,7.0,0.0,0.0,4.0,0.0,150.0,79.0,86.0,105.0,6,8,4,5,6
5,child_23,Herbivore,7.0,7.0,0.0,0.0,0.0,0.0,160.0,79.0,86.0,130.0,6,7,6,6,5
6,elite_0_child_3,Herbivore,8.0,8.0,0.0,0.0,0.0,0.0,66.0,76.0,84.0,125.0,4,8,4,5,6
6,elite_1_child_20,Herbivore,9.6,8.0,0.0,0.0,8.0,0.0,140.0,76.0,84.0,86.0,4,9,6,4,5
6,child_2,Herbivore,8.6,8.0,0.0,0.0,3.0,0.0,160.0,76.0,84.0,115.0,4,7,5,6,6
6,child_3,Herbivore,9.2,8.0,0.0,0.0,6.0,0.0,160.0,76.0,84.0,100.0,5,9,5,6,5
6,child_4,Herbivore,9.4,8.0,0.0,0.0,7.0,0.0,140.0,76.0,84.0,91.0,6,7,5,4,6
6,child_5,Herbivore,8.2,8.0,0.0,0.0,1.0,0.0,150.0,76.0,84.0,125.0,4,7,5,6,4
6,child_6,Herbivore,8.0,8.0,0.0,0.0,0.0,0.0,150.0,76.0,84.0,125.0,4,9,6,5,5
6,child_7,Herbivore,8.0,8.0,0.0,0.0,0.0,0.0,140.0,76.0,84.0,120.0,4,7,4,4,4
6,child_8,Herbivore,8.0,8.0,0.0,0.0,0.0,0.0,150.0,76.0,84.0,125.0,5,7,4,5,5
6,child_9,Herbivore,8.2,8.0,0.0,0.0,1.0,0.0,160.0,76.0,84.0,125.0,6,8,6,6,5
6,child_10,Herbivore,9.6,8.0,0.0,0.0,8.0,0.0,160.0,76.0,84.0,92.0,6,9,5,6,4
6,child_11,Herbivore,8.0,8.0,0.0,0.0,0.0,0.0,150.0,76.0,84.0,125.0,4,9,6,5,6
6,child_12,Herbivore,9.6,8.0,0.0,0.0,8.0,0.0,160.0,76.0,84.0,92.0,5,8,6,6,6
6,child_13,Herbivore,8.0,8.0,0.0,0.0,0.0,0.0,140.0,76.0,84.0,120.0,5,7,5,4,6
6,child_14,Omnivore,8.4,8.0,0.0,0.0,2.0,0.0,170.0,76.0,84.0,125.0,5,4,5,7,5
6,child_15,Herbivore,8.2,8.0,0.0,0.0,1.0,0.0,160.0,76.0,84.0,125.0,5,8,6,6,5
6,child_16,Herbivore,33.2,8.0,200.0,0.0,1.0,0.0,140.0,76.0,100,107.0,6,7,5,4,4
6,child_17,Herbivore,9.6,8.0,0.0,0.0,8.0,0.0,160.0,76.0,84.0,92.0,6,9,6,6,4
6,child_18,Herbivore,9.6,8.0,0.0,0.0,8.0,0.0,150.0,76.0,84.0,89.0,5,9,6,5,6
6,child_19,Herbivore,8.2,8.0,0.0,0.0,1.0,0.0,140.0,76.0,84.0,115.0,4,9,5,4,5
6,child_20,Herbivore,8.0,8.0,0.0,0.0,0.0,0.0,140.0,76.0,84.0,120.0,5,9,6,4,5
6,child_21,Herbivore,8.2,8.0,0.0,0.0,1.0,0.0,150.0,76.0,84.0,120.0,4,9,4,5,6
6,child_22,Herbivore,8.0,8.0,0.0,0.0,0.0,0.0,160.0,76.0,84.0,130.0,5,7,5,6,4
6,child_23,Herbivore,11.95,8.0,30.0,0.0,1.0,0.0,160.0,85,84.0,123.0,5,9,5,6,4
7,elite_0_child_16,Herbivore,8.2,8.0,0.0,0.0,1.0,0.0,90.0,76.0,84.0,125.0,5,8,4,6,4
7,elite_1_child_23,Herbivore,9.6,8.0,0.0,0.0,8.0,0.0,140.0,76.0,84.0,86.0,6,9,6,4,6
7,child_2,Herbivore,8.6,8.0,0.0,0.0,3.0,0.0,150.0,76.0,84.0,110.0,5,7,4,5,6
7,child_3,Herbivore,8.0,8.0,0.0,0.0,0.0,0.0,140.0,76.0,84.0,120.0,6,7,5,4,6
7,child_4,Herbivore,8.8,8.0,0.0,0.0,4.0,0.0,140.0,76.0,84.0,100.0,6,7,6,4,4
7,child_5,Herbivore,9.0,8.0,0.0,0.0,5.0,0.0,160.0,76.0,84.0,105.0,6,7,4,6,6
7,child_6,Herbivore,8.6,8.0,0.0,0.0,3.0,0.0,150.0,76.0,84.0,110.0,6,9,4,5,4
7,child_7,Herbivore,8.0,8.0,0.0,0.0,0.0,0.0,110.0,76.0,84.0,125.0,5,9,5,5,4
7,child_8,Herbivore,9.6,8.0,0.0,0.0,8.0,0.0,150.0,76.0,84.0,89.0,6,9,4,5,4
7,child_9,Herbivore,8.0,8.0,0.0,0.0,0.0,0.0,140.0,76.0,84.0,120.0,4,8,5,4,4
7,child_10,Herbivore,8.0,8.0,0.0,0.0,0.0,0.0,140.0,76.0,84.0,120.0,4,7,5,4,5
7,child_11,Herbivore,8.0,8.0,0.0,0.0,0.0,0.0,110.0,76.0,84.0,130.0,4,9,4,6,4
7,child_12,Herbivore,8.0,8.0,0.0,0.0,0.0,0.0,160.0,76.0,84.0,130.0,5,8,5,6,6
7,child_13,Herbivore,8.8,8.0,0.0,0.0,4.0,0.0,150.0,76.0,84.0,105.0,4,8,5,5,6
7,child_14,Herbivore,8.2,8.0,0.0,0.0,1.0,0.0,150.0,76.0,84.0,120.0,5,7,5,5,4
7,child_15,Herbivore,8.2,8.0,0.0,0.0,1.0,0.0,140.0,76.0,84.0,115.0,4,7,6,4,4
7,child_16,Herbivore,26.75,8.0,150.0,0.0,0.0,0.0,116.0,76.0,100,114.0,4,8,5,4,5
7,child_17,Herbivore,9.0,8.0,0.0,0.0,5.0,0.0,140.0,76.0,84.0,100,4,7,5,4,5
7,child_18,Herbivore,9.6,8.0,0.0,0.0,8.0,0.0,160.0,76.0,84.0,92.0,4,9,4,6,6
7,child_19,Herbivore,8.6,8.0,0.0,0.0,3.0,0.0,150.0,76.0,84.0,110.0,6,9,5,5,5
7,child_20,Herbivore,51.75,8.0,350.0,0.0,0.0,0.0,150.0,76.0,100,111.0,6,9,4,5,4
7,child_21,Herbivore,8.8,8.0,0.0,0.0,4.0,0.0,140.0,76.0,84.0,100.0,5,8,6,4,5
7,child_22,Herbivore,8.6,8.0,0.0,0.0,3.0,0.0,160.0,76.0,84.0,115.0,5,9,5,6,5
7,child_23,Omnivore,8.0,8.0,0.0,0.0,0.0,0.0,190.0,76.0,84.0,145.0,4,5,6,9,4
0,herbivore_0,Herbivore,15.0,15.0,0.0,0.0,0.0,0.0,150.0,55.0,70.0,100,6,9,5,5,5
0,herbivore_1,Herbivore,16.4,15.0,0.0,0.0,7.0,0.0,150.0,55.0,70.0,100,6,9,5,5,5
0,herbivore_2,Herbivore,15.0,15.0,0.0,0.0,0.0,0.0,150.0,55.0,70.0,100,6,9,5,5,5
0,herbivore_3,Herbivore,18.0,15.0,0.0,0.0,15.0,0.0,150.0,55.0,70.0,69.0,6,9,5,5,5
0,herbivore_4,Herbivore,15.4,15.0,0.0,0.0,2.0,0.0,102.0,55.0,70.0,64.0,6,9,5,5,5
0,herbivore_5,Herbivore,15.0,15.0,0.0,0.0,0.0,0.0,150.0,55.0,70.0,25.0,6,9,5,5,5
0,carnivore_0,Carnivore,15.0,15.0,0.0,0.0,0.0,0.0,150.0,55.0,70.0,100,9,6,5,5,5
0,carnivore_1,Carnivore,15.8,15.0,0.0,0.0,4.0,0.0,96.0,55.0,70.0,100,9,6,5,5,5
0,omnivore_0,Omnivore,16.2,15.0,0.0,0.0,6.0,0.0,190.0,55.0,70.0,92.0,6,5,5,9,5
0,omnivore_1,Omnivore,17.2,15.0,0.0,0.0,11.0,0.0,162.0,55.0,70.0,86.0,6,5,5,9,5
1,elite_0_herbivore_3,Herbivore,20.4,20.0,0.0,0.0,2.0,0.0,160.0,40.0,60.0,120.0,5,7,6,6,6
1,child_1,Herbivore,21.6,20.0,0.0,0.0,8.0,0.0,100.0,40.0,60.0,100.0,6,7,4,5,4
1,child_2,Herbivore,21.4,20.0,0.0,0.0,7.0,0.0,160.0,40.0,60.0,100,6,7,5,6,6
1,child_3,Herbivore,21.8,20.0,0.0,0.0,9.0,0.0,140.0,40.0,60.0,100,5,8,6,4,4
1,child_4,Herbivore,21.6,20.0,0.0,0.0,8.0,0.0,140.0,40.0,60.0,100,6,9,6,4,4
1,child_5,Herbivore,20.0,20.0,0.0,0.0,0.0,0.0,160.0,40.0,60.0,130.0,6,8,6,6,4
1,child_6,Herbivore,24.0,20.0,0.0,0.0,20.0,0.0,160.0,40.0,60.0,56.0,6,7,5,6,5
1,child_7,Herbivore,24.0,20.0,0.0,0.0,20.0,0.0,160.0,40.0,60.0,70.0,6,8,4,6,6
1,child_8,Omnivore,20.2,20.0,0.0,0.0,1.0,0.0,180.0,40.0,60.0,135.0,5,4,5,8,4
1,child_9,Herbivore,24.0,20.0,0.0,0.0,20.0,0.0,150.0,40.0,60.0,53.0,5,8,6,5,6
